District,Crop,N,P,K,ph,Yield
Jericho,Rice,90,42,43,6.502985292000001,4.58
Jericho,Rice,85,58,41,7.038096361,5.43
Jericho,Rice,60,55,44,7.840207144,3.93
Jericho,Rice,74,35,40,6.980400905,3.88
Jericho,Rice,78,42,42,7.628472891,3.58
Jericho,Rice,69,37,42,7.073453503,3.84
Jericho,Rice,69,55,38,5.70080568,4.04
Jericho,Rice,94,53,40,5.718627177999999,5.34
Jericho,Rice,89,54,38,6.685346424,4.8
Jericho,Rice,68,58,38,6.336253525,3.57
Jericho,Rice,91,53,40,5.386167788,4.63
Jericho,Rice,90,46,42,7.50283396,4.88
Jericho,Rice,78,58,44,5.108681786,3.66
Jericho,Rice,93,56,36,6.98435366,4.7
Jericho,Rice,94,50,37,6.94801983,4.01
Jericho,Rice,60,48,39,7.042299068999999,3.85
Jericho,Rice,85,38,41,6.2490506560000005,4.05
Jericho,Rice,91,35,39,6.970859754,4.56
Jericho,Rice,77,38,36,5.953933276,3.56
Jericho,Rice,88,35,40,5.85393208,4.28
Jericho,Rice,89,45,36,6.442475375,4.61
Jericho,Rice,76,40,43,5.070175667,3.18
Jericho,Rice,67,59,41,6.012632591,4.03
Jericho,Rice,83,41,43,6.254028451,4.48
Jericho,Rice,98,47,37,7.375482851,4.67
Jericho,Rice,66,53,41,7.778915154,3.61
Jericho,Rice,97,59,43,6.2865001760000006,4.8
Jericho,Rice,97,50,41,7.070959995,4.66
Jericho,Rice,60,49,44,6.244841491,3.52
Jericho,Rice,84,51,35,6.043304899,4.98
Jericho,Rice,73,57,41,5.824709117,4.17
Jericho,Rice,92,35,40,6.3573893660000005,4.97
Jericho,Rice,85,37,39,6.364134967999999,4.22
Jericho,Rice,98,53,38,5.01450727,4.63
Jericho,Rice,88,54,44,6.149410611,5.37
Jericho,Rice,95,55,42,5.950660556,5.09
Jericho,Rice,99,57,35,5.960370061,4.97
Jericho,Rice,95,39,36,5.561398642,4.23
Jericho,Rice,60,43,44,7.416245107000001,3.98
Jericho,Rice,63,44,41,5.583370042,3.73
Jericho,Rice,62,42,36,6.430010215,3.08
Jericho,Rice,64,45,43,5.534878156,3.61
Jericho,Rice,83,60,36,6.903985986,4.6
Jericho,Rice,82,40,40,6.271478837999999,4.2
Jericho,Rice,85,52,45,7.224285503,5.01
Jericho,Rice,91,35,38,6.13428721,4.26
Jericho,Rice,76,49,42,5.206373153,3.87
Jericho,Rice,74,39,38,7.782051312999999,3.52
Jericho,Rice,79,43,39,7.062779015,3.28
Jericho,Rice,88,55,45,7.730367824,5.07
Jericho,Rice,60,36,43,5.286203711000001,3.4
Jericho,Rice,76,60,39,6.766240045,4.24
Jericho,Rice,93,56,42,7.382762603,4.72
Jericho,Rice,65,60,43,5.658169482000001,3.86
Jericho,Rice,95,52,36,5.543360237999999,4.75
Jericho,Rice,75,38,39,6.215109715,3.92
Jericho,Rice,74,54,38,7.120272972,4.12
Jericho,Rice,91,36,45,5.950647577000001,4.15
Jericho,Rice,71,46,40,7.236705436,3.54
Jericho,Rice,99,55,35,6.501697816,5.34
Jericho,Rice,72,40,38,7.592490617,3.19
Jericho,Rice,83,58,45,5.875345751,4.89
Jericho,Rice,93,58,38,6.932400225,5.33
Jericho,Rice,70,36,42,6.9462098810000015,3.54
Jericho,Rice,76,47,42,5.739175027000001,3.42
Jericho,Rice,99,41,36,6.738652179,4.39
Jericho,Rice,99,54,37,5.5948196260000005,5.42
Jericho,Rice,86,59,35,6.946636369,4.52
Jericho,Rice,69,46,41,5.012139669,3.69
Jericho,Rice,91,56,37,6.363472207999999,4.92
Jericho,Rice,61,52,41,6.880431223,3.86
Jericho,Rice,67,45,38,7.300410836,3.08
Jericho,Rice,79,42,37,6.587918707999999,3.72
Jericho,Rice,78,43,42,7.283736617000001,3.72
Jericho,Rice,75,54,36,7.023936392,3.52
Jericho,Rice,97,36,45,6.939083505,4.75
Jericho,Rice,67,47,44,7.868474653,3.24
Jericho,Rice,73,35,38,5.005306977,3.16
Jericho,Rice,77,36,37,6.136131869,3.02
Jericho,Rice,81,41,38,7.5240800760000015,4.61
Jericho,Rice,68,57,43,5.706943251,3.69
Jericho,Rice,72,45,35,5.758506323,3.57
Jericho,Rice,61,53,43,6.349606327,3.58
Jericho,Rice,67,43,39,5.9999690260000005,3.48
Jericho,Rice,67,58,39,5.453592032,4.23
Jericho,Rice,66,60,38,6.372576327000001,4.2
Jericho,Rice,82,43,38,5.105588355,4.65
Jericho,Rice,84,50,44,5.9353444060000005,4.63
Jericho,Rice,81,53,42,5.17782304,4.91
Jericho,Rice,91,50,40,6.462391607000001,4.22
Jericho,Rice,93,53,38,7.069172227,5.05
Jericho,Rice,90,44,38,7.473134377,4.76
Jericho,Rice,81,45,35,6.158376967000001,4.25
Jericho,Rice,78,40,38,7.549873681,3.64
Jericho,Rice,60,51,36,6.028321557999999,4.29
Jericho,Rice,88,46,42,6.604993475,4.14
Jericho,Rice,93,47,37,6.500343222000001,4.29
Jericho,Rice,60,55,45,5.935745417000001,4.49
Jericho,Rice,78,35,44,7.072655622,3.41
Jericho,Rice,65,37,40,5.333322606,3.4
Jenin,Maize,71,54,16,5.7499144210000015,3.97
Jenin,Maize,61,44,17,6.931756557999999,3.7
Jenin,Maize,80,43,16,6.657964753,2.65
Jenin,Maize,73,58,21,6.596060648,3.67
Jenin,Maize,61,38,20,5.970458434,2.83
Jenin,Maize,68,41,16,6.158830619,3.29
Jenin,Maize,93,41,17,6.047906679,4.42
Jenin,Maize,89,60,19,5.913664501,4.25
Jenin,Maize,76,44,17,5.855442401,3.19
Jenin,Maize,67,60,25,5.750254943,3.89
Jenin,Maize,70,44,19,5.852607099,2.55
Jenin,Maize,90,49,21,6.4725232870000005,3.85
Jenin,Maize,62,52,16,6.9670577620000005,3.98
Jenin,Maize,92,44,16,6.082973754,4.47
Jenin,Maize,66,54,21,5.919045532,3.09
Jenin,Maize,63,58,22,6.204747652999999,3.98
Jenin,Maize,70,47,17,6.600827017,4.0
Jenin,Maize,61,41,17,6.021902237000001,2.58
Jenin,Maize,66,53,19,6.033550195,3.91
Jenin,Maize,74,55,19,6.28886807,3.86
Jenin,Maize,77,57,21,6.550563822999999,3.96
Jenin,Maize,99,50,15,5.573286437,4.44
Jenin,Maize,74,56,22,6.829199275,3.14
Jenin,Maize,83,45,21,5.716222912,3.7
Jenin,Maize,100,48,16,5.54990242,4.01
Jenin,Maize,79,51,16,6.586244581,3.44
Jenin,Maize,94,39,18,5.893093135,4.91
Jenin,Maize,75,49,15,5.918263801,3.36
Jenin,Maize,78,48,22,5.588650585,3.01
Jenin,Maize,87,54,20,6.576418207000001,5.17
Jenin,Maize,87,35,25,6.178056304,3.75
Jenin,Maize,63,43,19,6.641906353,3.41
Jenin,Maize,84,57,25,6.489040367,4.98
Jenin,Maize,64,35,23,5.680361037999999,3.43
Jenin,Maize,60,46,22,6.625404347999999,2.62
Jenin,Maize,98,44,21,6.524478032,4.81
Jenin,Maize,75,56,18,5.696205468,3.5
Jenin,Maize,86,55,21,6.803931519,5.45
Jenin,Maize,98,35,18,6.252797547999999,4.44
Jenin,Maize,76,57,18,6.092725883,3.08
Jenin,Maize,99,56,17,6.234330356,4.97
Jenin,Maize,60,44,23,5.722579819,2.96
Jenin,Maize,74,48,17,6.430616465,3.47
Jenin,Maize,89,60,17,5.983952675,5.48
Jenin,Maize,69,51,23,6.80163854,3.71
Jenin,Maize,96,46,22,6.499936446,3.62
Jenin,Maize,61,60,15,6.265564338,3.86
Jenin,Maize,74,58,18,6.727303282,3.86
Jenin,Maize,74,43,23,6.325235159,3.3
Jenin,Maize,63,43,17,6.807487794,3.23
Jenin,Maize,99,36,20,6.671085817000001,4.09
Jenin,Maize,77,36,23,6.648725327,2.79
Jenin,Maize,87,60,23,6.439071996,4.28
Jenin,Maize,60,38,17,6.474476516,2.75
Jenin,Maize,94,54,17,5.871647806,4.86
Jenin,Maize,95,38,22,5.730617109,4.16
Jenin,Maize,84,44,21,5.850439831,4.67
Jenin,Maize,77,58,19,5.791649933,3.6
Jenin,Maize,66,44,20,6.740000687999999,3.49
Jenin,Maize,63,35,16,6.272417541,2.6
Jenin,Maize,79,45,20,5.715208817000001,3.12
Jenin,Maize,72,60,25,5.773454729,3.67
Jenin,Maize,67,51,24,5.584171461,3.38
Jenin,Maize,86,36,24,5.787268394,3.95
Jenin,Maize,76,48,18,5.77597783,3.18
Jenin,Maize,75,53,18,6.864793607,3.89
Jenin,Maize,81,45,23,6.192360002999999,4.12
Jenin,Maize,73,45,21,6.636803222999999,2.75
Jenin,Maize,71,35,24,5.826426917,3.12
Jenin,Maize,96,54,22,6.960358276,4.74
Jenin,Maize,99,39,18,6.11275104,3.96
Jenin,Maize,62,48,20,6.708446922,2.71
Jenin,Maize,86,37,16,5.561510732,4.21
Jenin,Maize,94,50,19,5.873242491,3.99
Jenin,Maize,76,39,24,6.995843776,3.01
Jenin,Maize,77,52,17,5.714799723,3.58
Jenin,Maize,74,39,23,6.78073637,3.16
Jenin,Maize,81,49,20,5.513697923,4.55
Jenin,Maize,63,42,21,5.798423907999999,3.07
Jenin,Maize,99,38,21,6.352471866,4.01
Jenin,Maize,90,52,25,6.822586546,5.03
Jenin,Maize,68,40,19,6.655426355,3.64
Jenin,Maize,60,57,24,6.1212940410000005,3.73
Jenin,Maize,71,52,18,5.790770202999999,3.53
Jenin,Maize,61,59,17,6.47444292,4.17
Jenin,Maize,88,38,15,6.455116637000001,3.83
Jenin,Maize,65,60,22,6.6069840860000015,3.73
Jenin,Maize,78,37,22,6.330554389,2.97
Jenin,Maize,78,58,15,6.5286312660000005,3.59
Jenin,Maize,92,60,23,5.721667141,4.14
Jenin,Maize,79,59,17,6.644205485,4.03
Jenin,Maize,91,55,15,6.376651091,4.4
Jenin,Maize,76,51,18,6.247040422,3.81
Jenin,Maize,87,48,25,6.656730007999999,3.75
Jenin,Maize,71,60,22,6.2048017,3.94
Jenin,Maize,90,57,24,6.158860284,4.4
Jenin,Maize,67,35,22,6.385684213999999,3.42
Jenin,Maize,60,54,19,6.417820493,3.54
Jenin,Maize,83,58,23,6.381201909,4.03
Jenin,Maize,83,57,19,6.877869005,4.28
Hebron,Chickpea,40,72,77,7.485996067,3.81
Hebron,Chickpea,23,72,84,6.920251378,3.03
Hebron,Chickpea,39,58,85,5.9969320370000005,3.63
Hebron,Chickpea,22,72,85,6.391173589,3.86
Hebron,Chickpea,36,67,77,7.152811172000001,3.29
Hebron,Chickpea,32,73,81,5.988992796000002,3.61
Hebron,Chickpea,58,70,84,6.231049027999999,3.09
Hebron,Chickpea,59,70,84,7.550808267000001,3.17
Hebron,Chickpea,42,62,75,7.010570541,3.6
Hebron,Chickpea,28,74,81,8.753795334,3.22
Hebron,Chickpea,58,66,79,8.718192847000001,3.3
Hebron,Chickpea,43,66,79,7.976607593,3.13
Hebron,Chickpea,58,63,81,6.515499548999999,3.14
Hebron,Chickpea,23,62,85,8.490127142,3.79
Hebron,Chickpea,27,62,77,6.576415562,3.25
Hebron,Chickpea,28,72,84,6.481783042999999,3.62
Hebron,Chickpea,50,56,76,7.966605025,3.42
Hebron,Chickpea,39,71,84,8.140825437,3.29
Hebron,Chickpea,25,78,76,7.228963452,3.42
Hebron,Chickpea,31,70,77,6.492546046,3.81
Hebron,Chickpea,26,80,83,7.528599957000001,4.0
Hebron,Chickpea,25,68,77,7.701446446,3.27
Hebron,Chickpea,31,78,76,8.519975748,3.89
Hebron,Chickpea,60,68,83,6.620900869,3.25
Hebron,Chickpea,59,62,83,8.104396057999999,3.53
Hebron,Chickpea,22,67,78,6.204090835,3.82
Hebron,Chickpea,36,65,80,6.051091339,3.45
Hebron,Chickpea,59,60,84,7.690962337999999,3.34
Hebron,Chickpea,54,77,85,7.8292111439999985,3.12
Hebron,Chickpea,43,68,81,6.761599706,3.16
Hebron,Chickpea,28,76,82,6.654425315,3.39
Hebron,Chickpea,42,79,85,6.129533877,3.47
Hebron,Chickpea,32,60,83,8.829273328,3.21
Hebron,Chickpea,22,78,76,8.621662982,3.49
Hebron,Chickpea,31,79,75,8.204862075,3.0
Hebron,Chickpea,28,58,81,6.18042747,3.14
Hebron,Chickpea,57,58,77,7.978996755,3.48
Hebron,Chickpea,49,55,78,7.863113671,3.09
Hebron,Chickpea,46,76,77,6.967843048,3.73
Hebron,Chickpea,54,61,77,6.206582192999999,3.97
Hebron,Chickpea,38,60,76,8.868741443,3.77
Hebron,Chickpea,59,55,79,8.766128654,3.6
Hebron,Chickpea,36,76,75,8.736337905,3.97
Hebron,Chickpea,57,68,81,8.081095263,3.75
Hebron,Chickpea,35,66,81,6.138243973,3.39
Hebron,Chickpea,35,64,78,7.496645259,3.53
Hebron,Chickpea,52,60,79,8.380185271,3.27
Hebron,Chickpea,27,76,83,6.289614016,3.73
Hebron,Chickpea,57,60,84,6.586777189,3.83
Hebron,Chickpea,52,68,78,6.89655198,3.43
Hebron,Chickpea,43,79,79,7.8067476560000015,3.62
Hebron,Chickpea,44,74,85,7.150681303,3.3
Hebron,Chickpea,24,55,78,6.64919573,3.66
Hebron,Chickpea,29,77,75,7.778591617999999,3.85
Hebron,Chickpea,20,60,78,6.358740355,3.18
Hebron,Chickpea,56,67,78,8.255450758,3.24
Hebron,Chickpea,37,66,85,6.456148474,3.07
Hebron,Chickpea,49,71,76,6.613072145,3.02
Hebron,Chickpea,59,69,80,8.165359297,3.62
Hebron,Chickpea,20,79,77,7.64867466,3.74
Hebron,Chickpea,24,56,85,6.545888558,3.61
Hebron,Chickpea,51,72,75,7.1042247970000005,3.97
Hebron,Chickpea,57,73,85,7.358099622,3.03
Hebron,Chickpea,22,64,82,6.4740245000000005,3.42
Hebron,Chickpea,52,73,79,7.840339388999999,3.79
Hebron,Chickpea,29,75,75,7.064790365,3.72
Hebron,Chickpea,44,59,78,7.599033472,3.89
Hebron,Chickpea,41,69,82,6.715587232000001,3.18
Hebron,Chickpea,52,56,85,6.81712422,3.08
Hebron,Chickpea,34,76,80,7.985417393,3.24
Hebron,Chickpea,42,74,83,7.545258424,3.54
Hebron,Chickpea,34,71,79,7.728998197,3.72
Hebron,Chickpea,27,73,79,7.354973451,3.37
Hebron,Chickpea,30,70,79,7.313122235,3.26
Hebron,Chickpea,57,57,75,7.785039076,3.58
Hebron,Chickpea,27,79,82,6.307004922999999,3.3
Hebron,Chickpea,32,71,85,6.4039823160000005,3.78
Hebron,Chickpea,31,76,82,7.599279991,3.62
Hebron,Chickpea,33,75,84,7.217018459,3.25
Hebron,Chickpea,47,80,77,7.561108006,3.64
Hebron,Chickpea,54,62,80,7.489545074,3.86
Hebron,Chickpea,47,79,78,6.609696734,3.04
Hebron,Chickpea,35,57,83,7.476800943,3.79
Hebron,Chickpea,53,73,77,7.325451279,3.0
Hebron,Chickpea,45,61,78,6.489389282,3.98
Hebron,Chickpea,37,78,79,7.786366322,3.64
Hebron,Chickpea,30,75,81,6.4084378860000015,3.47
Hebron,Chickpea,37,55,82,8.423873703,3.42
Hebron,Chickpea,53,65,76,8.719960893,3.69
Hebron,Chickpea,22,60,85,7.811997977000001,3.64
Hebron,Chickpea,60,61,78,6.317153205,3.1
Hebron,Chickpea,42,67,77,7.114405288,3.64
Hebron,Chickpea,39,76,76,8.135900726000001,3.61
Hebron,Chickpea,35,63,76,7.714153037999999,3.42
Hebron,Chickpea,30,65,82,7.103798069,3.01
Hebron,Chickpea,57,56,78,8.861479668,3.51
Hebron,Chickpea,48,65,78,7.861128148,3.53
Hebron,Chickpea,36,56,83,7.4526709,3.29
Hebron,Chickpea,40,58,75,7.168096055,3.88
Hebron,Chickpea,49,69,82,7.26311855,3.61
Tubas,Kidneybeans,13,60,25,5.68597166,4.46
Tubas,Kidneybeans,25,70,16,5.759237003,4.42
Tubas,Kidneybeans,31,55,22,5.873171894,3.86
Tubas,Kidneybeans,40,64,16,5.926676985,3.59
Tubas,Kidneybeans,2,61,20,5.95561668,3.85
Tubas,Kidneybeans,26,65,22,5.9499490810000015,4.49
Tubas,Kidneybeans,17,57,21,5.789214288999999,3.03
Tubas,Kidneybeans,26,80,18,5.581021521,4.38
Tubas,Kidneybeans,17,59,17,5.689858133,3.82
Tubas,Kidneybeans,27,59,22,5.794158503999999,4.23
Tubas,Kidneybeans,28,58,24,5.748190462999999,3.78
Tubas,Kidneybeans,25,57,19,5.566522896,3.64
Tubas,Kidneybeans,28,80,17,5.809419584,4.0
Tubas,Kidneybeans,25,60,22,5.887263027,4.31
Tubas,Kidneybeans,12,78,23,5.99812453,3.91
Tubas,Kidneybeans,6,77,25,5.792744849,3.7
Tubas,Kidneybeans,22,79,17,5.912289889,4.47
Tubas,Kidneybeans,27,80,15,5.7883869510000014,3.18
Tubas,Kidneybeans,10,55,23,5.728233081,3.54
Tubas,Kidneybeans,23,65,20,5.833940084,3.65
Tubas,Kidneybeans,19,78,16,5.967533236,3.84
Tubas,Kidneybeans,19,65,25,5.6250964460000015,4.16
Tubas,Kidneybeans,22,70,19,5.515615023,3.45
Tubas,Kidneybeans,37,64,22,5.954665349,4.29
Tubas,Kidneybeans,11,71,17,5.74644777,3.9
Tubas,Kidneybeans,18,79,20,5.877347515,4.42
Tubas,Kidneybeans,21,63,17,5.979973965,3.98
Tubas,Kidneybeans,24,80,22,5.635993966,3.7
Tubas,Kidneybeans,34,60,22,5.635231778,4.48
Tubas,Kidneybeans,16,75,21,5.679224346,3.72
Tubas,Kidneybeans,17,77,23,5.670062975,3.44
Tubas,Kidneybeans,37,72,18,5.724242065,4.13
Tubas,Kidneybeans,40,73,20,5.811314232000001,3.32
Tubas,Kidneybeans,9,77,17,5.783425416,3.57
Tubas,Kidneybeans,1,62,23,5.607808432000001,3.76
Tubas,Kidneybeans,33,59,22,5.946999529,4.37
Tubas,Kidneybeans,23,59,19,5.852046999,3.57
Tubas,Kidneybeans,6,62,22,5.824090984,3.92
Tubas,Kidneybeans,25,63,20,5.502999119,3.8
Tubas,Kidneybeans,7,79,23,5.821649914,3.9
Tubas,Kidneybeans,8,72,17,5.711439256,3.06
Tubas,Kidneybeans,27,64,15,5.514927264,4.17
Tubas,Kidneybeans,28,66,23,5.99616119,3.73
Tubas,Kidneybeans,32,57,18,5.695422862999999,3.77
Tubas,Kidneybeans,27,56,22,5.833010957999999,3.88
Tubas,Kidneybeans,17,77,24,5.568456899,4.1
Tubas,Kidneybeans,0,65,15,5.645435626,3.44
Tubas,Kidneybeans,13,72,21,5.821194486,3.81
Tubas,Kidneybeans,34,60,23,5.659254981,3.75
Tubas,Kidneybeans,9,80,19,5.945465949,4.25
Tubas,Kidneybeans,11,72,20,5.9511774520000005,4.48
Tubas,Kidneybeans,3,67,24,5.520880013999999,3.51
Tubas,Kidneybeans,35,69,23,5.578410206,3.77
Tubas,Kidneybeans,3,77,25,5.608165195,3.99
Tubas,Kidneybeans,23,62,19,5.609435127999999,3.62
Tubas,Kidneybeans,22,71,17,5.509295379,3.62
Tubas,Kidneybeans,31,79,25,5.902033406,3.31
Tubas,Kidneybeans,34,59,18,5.744117663,3.43
Tubas,Kidneybeans,12,63,17,5.717143397,3.73
Tubas,Kidneybeans,27,56,20,5.542690119,3.48
Tubas,Kidneybeans,7,63,24,5.858617867,4.32
Tubas,Kidneybeans,24,67,22,5.618844277000001,4.32
Tubas,Kidneybeans,11,71,24,5.6066203460000015,3.58
Tubas,Kidneybeans,37,74,15,5.582178402,3.9
Tubas,Kidneybeans,25,76,24,5.56503533,3.78
Tubas,Kidneybeans,34,66,17,5.889614577000001,4.28
Tubas,Kidneybeans,20,69,15,5.934136378,3.72
Tubas,Kidneybeans,37,65,16,5.683548308,3.04
Tubas,Kidneybeans,18,74,15,5.70836603,3.88
Tubas,Kidneybeans,4,67,25,5.948164454,4.41
Tubas,Kidneybeans,37,56,25,5.774755143999999,4.37
Tubas,Kidneybeans,5,59,15,5.97229163,3.85
Tubas,Kidneybeans,11,61,21,5.532100554,4.1
Tubas,Kidneybeans,22,80,20,5.669560726,4.1
Tubas,Kidneybeans,12,61,19,5.655726817000001,3.73
Tubas,Kidneybeans,5,74,21,5.591704013999999,3.86
Tubas,Kidneybeans,27,69,22,5.932323085,3.94
Tubas,Kidneybeans,31,75,18,5.824208308999999,3.32
Tubas,Kidneybeans,36,68,20,5.86442953,3.52
Tubas,Kidneybeans,5,65,16,5.866744372,3.86
Tubas,Kidneybeans,32,79,15,5.706198621,3.61
Tubas,Kidneybeans,11,78,22,5.940546818,3.92
Tubas,Kidneybeans,0,55,22,5.916779289,3.95
Tubas,Kidneybeans,14,59,15,5.779090476,3.79
Tubas,Kidneybeans,29,68,23,5.82738029,3.72
Tubas,Kidneybeans,32,68,19,5.514234138,3.66
Tubas,Kidneybeans,17,64,17,5.662699104,4.32
Tubas,Kidneybeans,13,69,19,5.86390397,4.17
Tubas,Kidneybeans,14,67,22,5.624690247999999,3.93
Tubas,Kidneybeans,9,69,20,5.591560999,4.37
Tubas,Kidneybeans,20,73,22,5.976312537999999,3.67
Tubas,Kidneybeans,40,78,20,5.669236258,3.05
Tubas,Kidneybeans,27,72,23,5.961934481,3.95
Tubas,Kidneybeans,14,67,15,5.690065688,3.87
Tubas,Kidneybeans,7,56,18,5.698371311,3.82
Tubas,Kidneybeans,27,65,18,5.59503163,3.46
Tubas,Kidneybeans,30,63,16,5.5259045260000015,4.14
Tubas,Kidneybeans,37,70,25,5.819403771,3.32
Tubas,Kidneybeans,27,63,19,5.562201934,3.94
Tubas,Kidneybeans,22,60,24,5.630664753,4.49
Salfit,Pigeonpeas,3,72,24,6.03160778,4.36
Salfit,Pigeonpeas,40,59,23,5.269084669,3.86
Salfit,Pigeonpeas,33,73,23,5.985792703,3.68
Salfit,Pigeonpeas,27,57,24,6.09186275,3.68
Salfit,Pigeonpeas,10,79,18,5.624731337999999,4.03
Salfit,Pigeonpeas,30,75,25,6.446091759,3.73
Salfit,Pigeonpeas,40,70,20,5.623490042999999,3.7
Salfit,Pigeonpeas,38,55,19,5.864623352000001,4.47
Salfit,Pigeonpeas,35,58,20,5.761702519,3.07
Salfit,Pigeonpeas,38,61,21,4.696518678,3.97
Salfit,Pigeonpeas,33,58,24,5.269504214,4.32
Salfit,Pigeonpeas,16,56,17,7.445444882999999,4.09
Salfit,Pigeonpeas,31,72,17,5.833031707999999,3.46
Salfit,Pigeonpeas,16,80,20,7.3393209289999986,4.33
Salfit,Pigeonpeas,27,72,17,6.347929353,3.66
Salfit,Pigeonpeas,40,62,19,4.697750704,3.79
Salfit,Pigeonpeas,18,58,16,4.962661422,3.78
Salfit,Pigeonpeas,3,68,16,4.964887857,3.84
Salfit,Pigeonpeas,26,67,24,5.642813116,3.86
Salfit,Pigeonpeas,16,70,20,5.6093956,4.46
Salfit,Pigeonpeas,24,63,19,4.681576043,4.42
Salfit,Pigeonpeas,9,76,25,5.70951224,3.87
Salfit,Pigeonpeas,16,55,19,6.413543781,4.02
Salfit,Pigeonpeas,28,75,21,6.007508163,4.48
Salfit,Pigeonpeas,16,71,24,4.946369874,3.54
Salfit,Pigeonpeas,24,70,21,5.517208078,4.42
Salfit,Pigeonpeas,38,72,21,5.902103172,3.71
Salfit,Pigeonpeas,9,66,21,5.719889876,3.65
Salfit,Pigeonpeas,34,56,17,4.548202098,4.31
Salfit,Pigeonpeas,1,76,19,6.6695294160000005,4.35
Salfit,Pigeonpeas,6,69,19,4.7509292180000005,3.76
Salfit,Pigeonpeas,26,73,21,4.946263888,4.38
Salfit,Pigeonpeas,27,61,18,5.266227032,4.39
Salfit,Pigeonpeas,27,71,23,7.10959773,4.17
Salfit,Pigeonpeas,36,61,21,5.617008201,4.34
Salfit,Pigeonpeas,17,73,18,5.632353113,3.89
Salfit,Pigeonpeas,26,72,22,4.674941549,3.82
Salfit,Pigeonpeas,17,64,16,7.161797643,3.7
Salfit,Pigeonpeas,14,74,19,6.624966131,3.24
Salfit,Pigeonpeas,39,60,15,5.004074623999999,3.57
Salfit,Pigeonpeas,6,66,15,6.3458060110000005,3.64
Salfit,Pigeonpeas,8,59,18,6.216814453,3.83
Salfit,Pigeonpeas,2,67,18,5.921666758,4.37
Salfit,Pigeonpeas,1,76,17,6.012719118,3.94
Salfit,Pigeonpeas,16,73,19,4.684079249,3.89
Salfit,Pigeonpeas,23,75,25,7.077170002000001,3.92
Salfit,Pigeonpeas,32,70,20,6.208843215,4.19
Salfit,Pigeonpeas,28,59,22,7.05181629,4.22
Salfit,Pigeonpeas,5,62,23,4.722222454,4.35
Salfit,Pigeonpeas,36,67,25,6.418062652000001,4.09
Salfit,Pigeonpeas,1,66,23,4.803564468,3.55
Salfit,Pigeonpeas,24,73,20,4.608695247,4.31
Salfit,Pigeonpeas,17,67,18,5.611510977000001,4.16
Salfit,Pigeonpeas,5,55,18,7.322097972000001,4.13
Salfit,Pigeonpeas,5,56,24,5.023115055,4.19
Salfit,Pigeonpeas,37,77,17,5.617122801,3.76
Salfit,Pigeonpeas,13,73,20,5.391560417999999,4.26
Salfit,Pigeonpeas,6,63,23,5.906596905,4.25
Salfit,Pigeonpeas,16,77,22,6.574209678,4.37
Salfit,Pigeonpeas,25,64,20,4.807776748999999,3.74
Salfit,Pigeonpeas,34,75,24,4.760038038999999,4.45
Salfit,Pigeonpeas,20,77,23,5.180271502,3.55
Salfit,Pigeonpeas,35,80,25,4.895927306,4.16
Salfit,Pigeonpeas,14,75,24,6.436160044,3.58
Salfit,Pigeonpeas,36,80,21,7.066087261,4.05
Salfit,Pigeonpeas,7,77,18,6.655918077999999,3.64
Salfit,Pigeonpeas,29,78,25,5.982854522999999,3.6
Salfit,Pigeonpeas,30,60,21,5.457871272999999,3.84
Salfit,Pigeonpeas,20,74,16,4.759490199,4.29
Salfit,Pigeonpeas,19,57,23,7.342409555,4.21
Salfit,Pigeonpeas,3,60,19,4.820788186000001,4.36
Salfit,Pigeonpeas,5,77,19,6.242052013,4.05
Salfit,Pigeonpeas,5,68,20,5.001038726,3.97
Salfit,Pigeonpeas,37,73,21,5.560224582999999,3.68
Salfit,Pigeonpeas,9,59,24,4.747352458,3.7
Salfit,Pigeonpeas,20,72,15,7.313517308,4.31
Salfit,Pigeonpeas,31,56,23,5.661826398,4.05
Salfit,Pigeonpeas,0,70,21,4.672437054,3.76
Salfit,Pigeonpeas,21,74,15,6.471862118,3.92
Salfit,Pigeonpeas,13,67,18,5.384762927000001,3.5
Salfit,Pigeonpeas,27,74,20,5.8598134160000015,3.19
Salfit,Pigeonpeas,29,72,24,6.962386495,4.11
Salfit,Pigeonpeas,5,68,20,6.12166671,3.81
Salfit,Pigeonpeas,39,57,19,6.421748487,4.29
Salfit,Pigeonpeas,22,62,16,4.828936119,3.61
Salfit,Pigeonpeas,18,55,23,6.98571967,4.21
Salfit,Pigeonpeas,39,77,21,4.603563116,3.96
Salfit,Pigeonpeas,13,75,20,6.979540061,3.67
Salfit,Pigeonpeas,27,71,24,7.064973419,4.22
Salfit,Pigeonpeas,26,64,22,5.16516459,4.03
Salfit,Pigeonpeas,23,55,16,5.111488821,3.92
Salfit,Pigeonpeas,4,69,19,5.374358869,3.8
Salfit,Pigeonpeas,20,67,19,5.671419084,3.69
Salfit,Pigeonpeas,7,74,17,5.667419697000001,3.26
Salfit,Pigeonpeas,17,64,18,6.07938452,4.28
Salfit,Pigeonpeas,35,71,17,6.931924962999999,4.44
Salfit,Pigeonpeas,11,72,22,6.842744374,3.71
Salfit,Pigeonpeas,20,60,22,6.876572502999999,4.2
Salfit,Pigeonpeas,10,71,18,6.151029296,4.15
Salfit,Pigeonpeas,33,61,24,4.567446499,4.29
Nablus,Mothbeans,3,49,18,3.692863601,2.85
Nablus,Mothbeans,22,59,23,4.371745575,3.47
Nablus,Mothbeans,36,58,25,8.399135957999999,3.11
Nablus,Mothbeans,4,43,18,8.840656256,2.94
Nablus,Mothbeans,29,54,16,8.153022903,3.7
Nablus,Mothbeans,32,43,22,5.270749441,3.05
Nablus,Mothbeans,14,55,15,8.050304395,3.72
Nablus,Mothbeans,5,35,20,9.679240873,2.91
Nablus,Mothbeans,25,57,24,6.974978386,3.38
Nablus,Mothbeans,11,53,24,7.39389918,3.78
Nablus,Mothbeans,40,49,17,6.68727523,2.79
Nablus,Mothbeans,38,56,25,7.88118645,3.56
Nablus,Mothbeans,27,43,23,5.875333778,3.05
Nablus,Mothbeans,24,38,22,8.202706015,3.46
Nablus,Mothbeans,23,45,21,8.985348193,2.77
Nablus,Mothbeans,29,57,20,5.87707519,3.25
Nablus,Mothbeans,31,35,23,7.707595055,3.24
Nablus,Mothbeans,0,55,25,4.524171562,3.89
Nablus,Mothbeans,7,45,22,9.926212291,2.57
Nablus,Mothbeans,17,58,25,6.455592696,3.14
Nablus,Mothbeans,11,44,17,8.016210782,2.67
Nablus,Mothbeans,22,49,22,3.71105919,2.97
Nablus,Mothbeans,9,51,19,5.49091063,3.72
Nablus,Mothbeans,28,48,15,9.254089438,2.52
Nablus,Mothbeans,26,50,19,6.005242945,3.16
Nablus,Mothbeans,36,56,20,7.437078236,3.79
Nablus,Mothbeans,8,60,18,3.808429173,3.02
Nablus,Mothbeans,24,37,21,5.818219385,2.98
Nablus,Mothbeans,22,43,24,4.52363558,2.87
Nablus,Mothbeans,36,43,24,3.510404312,2.57
Nablus,Mothbeans,22,44,24,6.030447288,3.01
Nablus,Mothbeans,17,43,22,5.498340807999999,2.86
Nablus,Mothbeans,8,45,15,4.61136408,2.98
Nablus,Mothbeans,7,56,23,5.545219232000001,3.86
Nablus,Mothbeans,36,57,16,8.292875733999999,3.16
Nablus,Mothbeans,11,45,19,3.828031463,2.97
Nablus,Mothbeans,6,36,22,8.869532817,2.64
Nablus,Mothbeans,17,57,20,3.793575185,3.69
Nablus,Mothbeans,4,47,20,4.193189124,3.06
Nablus,Mothbeans,9,49,16,7.661537347999999,2.64
Nablus,Mothbeans,25,51,24,9.392694614,3.68
Nablus,Mothbeans,36,44,21,4.516154055,2.75
Nablus,Mothbeans,21,38,20,5.794289715,2.92
Nablus,Mothbeans,37,57,20,7.354286985,3.11
Nablus,Mothbeans,32,48,18,5.993513566,2.85
Nablus,Mothbeans,29,44,20,8.620107545,2.62
Nablus,Mothbeans,25,51,18,9.45949344,3.21
Nablus,Mothbeans,10,44,24,8.0344125,3.01
Nablus,Mothbeans,23,35,18,5.414492777,2.66
Nablus,Mothbeans,9,60,23,6.2760043360000015,3.45
Nablus,Mothbeans,3,58,21,9.160691747,3.18
Nablus,Mothbeans,22,42,22,7.887658711,2.69
Nablus,Mothbeans,12,39,21,8.183844843,2.83
Nablus,Mothbeans,39,36,22,9.072011412,3.22
Nablus,Mothbeans,32,41,16,7.702287236,3.24
Nablus,Mothbeans,30,41,15,5.88509677,2.65
Nablus,Mothbeans,19,36,22,6.16496284,2.56
Nablus,Mothbeans,4,46,15,3.504752314,2.83
Nablus,Mothbeans,21,39,20,7.388007482999999,3.08
Nablus,Mothbeans,35,57,25,8.340398059,3.89
Nablus,Mothbeans,22,55,24,8.66077954,3.01
Nablus,Mothbeans,35,51,17,3.558822825,3.44
Nablus,Mothbeans,17,56,17,5.9565851,3.01
Nablus,Mothbeans,28,57,17,9.416003106,3.12
Nablus,Mothbeans,22,36,16,8.18422855,3.22
Nablus,Mothbeans,11,41,19,5.131779302,3.29
Nablus,Mothbeans,38,38,18,6.294130312999999,2.51
Nablus,Mothbeans,23,37,24,7.991902443,3.39
Nablus,Mothbeans,25,35,20,8.923095695,3.02
Nablus,Mothbeans,40,45,20,6.878498176,3.41
Nablus,Mothbeans,23,58,19,5.243634848999999,3.52
Nablus,Mothbeans,2,56,23,7.550090941,3.9
Nablus,Mothbeans,3,56,17,8.709291687999999,3.08
Nablus,Mothbeans,26,51,25,7.792508067999999,3.55
Nablus,Mothbeans,39,42,20,8.055908857999999,3.44
Nablus,Mothbeans,27,59,20,4.397698806,3.64
Nablus,Mothbeans,24,45,19,5.9523849570000005,3.12
Nablus,Mothbeans,7,40,17,8.532078732999999,3.2
Nablus,Mothbeans,15,45,23,7.224193642,3.5
Nablus,Mothbeans,26,52,23,4.931890506,3.2
Nablus,Mothbeans,20,45,16,4.626212446,3.15
Nablus,Mothbeans,34,54,24,5.026003659,3.71
Nablus,Mothbeans,19,51,25,3.5253661,3.24
Nablus,Mothbeans,29,41,21,8.86979671,3.05
Nablus,Mothbeans,20,50,22,9.406887533,2.55
Nablus,Mothbeans,11,40,23,5.80428611,3.42
Nablus,Mothbeans,15,54,15,8.35495812,3.96
Nablus,Mothbeans,35,55,22,8.634929739,3.77
Nablus,Mothbeans,9,59,25,7.699200949,3.3
Nablus,Mothbeans,40,45,18,5.261285926,2.59
Nablus,Mothbeans,35,38,19,9.112771682,2.72
Nablus,Mothbeans,14,58,17,4.605700542,3.28
Nablus,Mothbeans,40,55,18,7.115994051,3.47
Nablus,Mothbeans,18,36,23,7.214078621,2.88
Nablus,Mothbeans,35,52,15,9.93509073,3.88
Nablus,Mothbeans,4,59,22,8.914074888,3.19
Nablus,Mothbeans,22,51,16,8.639586199,3.93
Nablus,Mothbeans,33,47,17,8.621514073,3.08
Nablus,Mothbeans,2,51,17,5.838508699,3.57
Nablus,Mothbeans,16,51,21,3.532008668,3.2
Tulkarm,Mungbean,19,55,20,7.18530147,3.04
Tulkarm,Mungbean,8,54,20,7.034214276,3.2
Tulkarm,Mungbean,36,55,20,6.635968697999999,3.48
Tulkarm,Mungbean,10,56,16,6.828187498999998,3.76
Tulkarm,Mungbean,22,56,17,6.89077995,3.37
Tulkarm,Mungbean,9,57,24,7.165121108999998,4.0
Tulkarm,Mungbean,34,59,23,6.935804256,3.53
Tulkarm,Mungbean,31,51,25,7.196774236,3.49
Tulkarm,Mungbean,0,49,18,6.990095452,3.42
Tulkarm,Mungbean,21,39,20,7.064782137999999,2.85
Tulkarm,Mungbean,28,35,22,7.156563094,2.88
Tulkarm,Mungbean,17,52,17,6.364967184,3.86
Tulkarm,Mungbean,24,42,23,6.428054409,2.85
Tulkarm,Mungbean,28,46,16,6.664187809,2.68
Tulkarm,Mungbean,21,38,21,6.637677489,3.46
Tulkarm,Mungbean,34,60,25,6.79385576,3.13
Tulkarm,Mungbean,19,53,22,6.852884642999999,3.0
Tulkarm,Mungbean,31,58,15,7.121571293,3.97
Tulkarm,Mungbean,19,35,24,6.883308033,3.37
Tulkarm,Mungbean,24,53,17,6.421271178,3.85
Tulkarm,Mungbean,13,47,20,6.54450214,3.09
Tulkarm,Mungbean,31,53,16,6.452006451,3.55
Tulkarm,Mungbean,28,45,23,6.489259136,2.88
Tulkarm,Mungbean,31,37,21,6.713410626,3.33
Tulkarm,Mungbean,33,60,15,6.510840928,3.21
Tulkarm,Mungbean,34,45,21,6.2873801170000005,3.21
Tulkarm,Mungbean,13,57,25,6.86308576,3.25
Tulkarm,Mungbean,33,57,17,6.78415271,3.48
Tulkarm,Mungbean,32,57,22,6.769415887999999,3.71
Tulkarm,Mungbean,23,59,25,6.320768488,3.45
Tulkarm,Mungbean,35,41,18,6.705008503999999,3.39
Tulkarm,Mungbean,6,48,24,6.790736339,2.89
Tulkarm,Mungbean,29,36,25,7.130278657000001,2.51
Tulkarm,Mungbean,4,36,22,7.012740397000001,2.88
Tulkarm,Mungbean,10,59,22,7.1556850160000005,3.43
Tulkarm,Mungbean,14,48,21,6.991242362,2.7
Tulkarm,Mungbean,8,50,21,6.218923893,2.97
Tulkarm,Mungbean,20,40,15,7.199495367999999,2.64
Tulkarm,Mungbean,36,43,22,6.3898821660000005,3.33
Tulkarm,Mungbean,14,57,15,6.623438282,3.64
Tulkarm,Mungbean,11,60,23,7.033012777000001,3.02
Tulkarm,Mungbean,10,59,15,6.32400451,3.03
Tulkarm,Mungbean,7,60,25,6.397636709,3.86
Tulkarm,Mungbean,2,47,15,6.401455706,2.69
Tulkarm,Mungbean,20,45,22,6.904587016,2.69
Tulkarm,Mungbean,2,39,15,6.478557136,3.13
Tulkarm,Mungbean,27,40,24,7.063022095,3.29
Tulkarm,Mungbean,35,48,15,6.981758362000001,3.16
Tulkarm,Mungbean,4,59,25,6.227134139,3.22
Tulkarm,Mungbean,1,48,24,6.232836962,2.82
Tulkarm,Mungbean,36,43,21,7.140437859,3.21
Tulkarm,Mungbean,11,46,24,6.459252023,2.79
Tulkarm,Mungbean,34,47,19,6.568795403999999,3.5
Tulkarm,Mungbean,21,44,18,7.12851089,3.41
Tulkarm,Mungbean,17,58,20,6.42937879,3.18
Tulkarm,Mungbean,25,40,21,6.248900919,3.08
Tulkarm,Mungbean,2,38,18,6.619891497999999,2.55
Tulkarm,Mungbean,9,48,20,6.377568542000001,2.53
Tulkarm,Mungbean,37,49,25,6.415459592,3.39
Tulkarm,Mungbean,36,38,15,6.3206620120000006,2.95
Tulkarm,Mungbean,40,58,15,6.978400282000001,3.05
Tulkarm,Mungbean,30,44,16,6.442335592999999,3.08
Tulkarm,Mungbean,1,59,23,7.184398832,3.59
Tulkarm,Mungbean,9,48,22,6.402926221,3.25
Tulkarm,Mungbean,14,41,17,7.085982325,3.46
Tulkarm,Mungbean,35,52,19,6.698574085,3.19
Tulkarm,Mungbean,31,48,17,6.594739424,2.78
Tulkarm,Mungbean,4,41,20,6.647965508,3.01
Tulkarm,Mungbean,30,37,25,7.120032489,3.12
Tulkarm,Mungbean,9,35,20,6.91380932,2.51
Tulkarm,Mungbean,20,41,20,7.073048264,3.36
Tulkarm,Mungbean,37,50,23,6.5304707,2.91
Tulkarm,Mungbean,34,35,21,6.684381357,3.36
Tulkarm,Mungbean,14,37,15,6.581351374,2.74
Tulkarm,Mungbean,23,39,22,6.86483915,2.62
Tulkarm,Mungbean,5,45,21,6.487124217000001,2.56
Tulkarm,Mungbean,22,37,20,6.605733067999999,2.89
Tulkarm,Mungbean,40,51,17,6.860602782000001,3.82
Tulkarm,Mungbean,27,56,20,6.41874299,4.0
Tulkarm,Mungbean,31,40,22,6.365513634,3.41
Tulkarm,Mungbean,38,36,21,6.5563729660000005,3.22
Tulkarm,Mungbean,6,37,17,6.760694227999999,3.22
Tulkarm,Mungbean,6,47,18,6.715276662999999,2.86
Tulkarm,Mungbean,24,44,17,6.666380512000001,2.8
Tulkarm,Mungbean,25,59,19,6.626629798,3.35
Tulkarm,Mungbean,32,56,21,6.702772465,3.1
Tulkarm,Mungbean,8,45,18,7.011030515,3.09
Tulkarm,Mungbean,19,39,17,6.890156495,2.72
Tulkarm,Mungbean,39,37,15,6.821747052,2.74
Tulkarm,Mungbean,33,37,19,7.183189922,2.65
Tulkarm,Mungbean,26,54,17,6.27258822,3.27
Tulkarm,Mungbean,21,51,15,6.679127482,3.94
Tulkarm,Mungbean,22,54,20,6.689825155,3.73
Tulkarm,Mungbean,29,45,16,6.583381939,3.01
Tulkarm,Mungbean,4,40,21,6.725551062,3.32
Tulkarm,Mungbean,10,37,22,7.069747813999999,3.41
Tulkarm,Mungbean,4,44,19,6.921993877999999,2.83
Tulkarm,Mungbean,20,45,17,6.770955317,2.66
Tulkarm,Mungbean,23,45,23,6.983130466,3.19
Tulkarm,Mungbean,25,48,21,6.267684328,2.64
Jenin,Blackgram,56,79,15,7.454532137,3.45
Jenin,Blackgram,25,62,21,7.040056094,3.83
Jenin,Blackgram,42,61,22,7.418650668,3.45
Jenin,Blackgram,42,73,25,6.501869314,3.37
Jenin,Blackgram,44,58,18,6.814410927999999,3.62
Jenin,Blackgram,50,55,16,7.581442888,3.27
Jenin,Blackgram,35,72,21,7.741418772,3.59
Jenin,Blackgram,30,64,20,6.573531614,3.75
Jenin,Blackgram,27,64,21,7.543804222999999,3.22
Jenin,Blackgram,50,74,17,6.5408208,3.35
Jenin,Blackgram,39,73,24,7.22405917,3.03
Jenin,Blackgram,57,67,25,7.551364319,3.02
Jenin,Blackgram,52,63,19,6.928898659,3.42
Jenin,Blackgram,55,66,22,7.747775262999999,3.92
Jenin,Blackgram,51,56,18,6.706505915,3.27
Jenin,Blackgram,36,66,15,6.668238556,3.25
Jenin,Blackgram,59,55,19,7.332375138,3.12
Jenin,Blackgram,50,58,23,7.596802025,3.04
Jenin,Blackgram,30,65,25,7.70650895,3.51
Jenin,Blackgram,20,62,18,7.366542647,3.27
Jenin,Blackgram,58,71,15,6.919243702,3.4
Jenin,Blackgram,25,71,24,7.187721817999999,3.28
Jenin,Blackgram,52,71,16,7.0758864720000005,3.85
Jenin,Blackgram,40,63,18,6.74441168,3.37
Jenin,Blackgram,20,60,25,6.726469087999999,3.13
Jenin,Blackgram,48,61,21,6.628264883,3.64
Jenin,Blackgram,49,68,22,7.127064207,3.98
Jenin,Blackgram,48,62,15,7.538631462000001,3.72
Jenin,Blackgram,32,66,17,7.162357641,3.25
Jenin,Blackgram,21,63,22,6.859409487000001,3.01
Jenin,Blackgram,20,72,19,7.397190844,3.1
Jenin,Blackgram,25,65,21,6.880245789,3.01
Jenin,Blackgram,41,78,21,6.581313137,3.96
Jenin,Blackgram,53,67,17,7.296972161,3.34
Jenin,Blackgram,39,60,21,6.97297656,3.66
Jenin,Blackgram,25,76,17,7.241148507,4.0
Jenin,Blackgram,21,78,19,6.92009048,3.07
Jenin,Blackgram,57,60,17,7.504608385,3.21
Jenin,Blackgram,56,75,15,7.152272256,3.33
Jenin,Blackgram,49,72,15,7.137004749,3.03
Jenin,Blackgram,24,80,19,6.8080417220000005,3.76
Jenin,Blackgram,49,76,18,7.393631868,3.4
Jenin,Blackgram,28,68,19,7.69950698,3.53
Jenin,Blackgram,55,78,21,6.602888248999999,3.44
Jenin,Blackgram,50,64,25,6.734447425,3.1
Jenin,Blackgram,34,80,19,6.521217963,3.12
Jenin,Blackgram,20,68,23,7.707332484,3.83
Jenin,Blackgram,55,67,16,6.596719015,3.86
Jenin,Blackgram,23,70,15,7.403623355,3.88
Jenin,Blackgram,53,74,15,7.517097,3.91
Jenin,Blackgram,26,67,16,7.17620823,3.39
Jenin,Blackgram,33,80,22,6.593961761,3.5
Jenin,Blackgram,37,79,19,7.143942758,3.94
Jenin,Blackgram,33,75,21,6.690655045,3.24
Jenin,Blackgram,22,55,20,7.423530351,3.23
Jenin,Blackgram,20,68,17,6.578714842999999,3.2
Jenin,Blackgram,43,68,20,7.497469256,3.49
Jenin,Blackgram,44,76,22,7.775306272000001,3.41
Jenin,Blackgram,34,60,16,7.322555222999999,3.96
Jenin,Blackgram,21,72,17,7.580527339,3.69
Jenin,Blackgram,25,68,19,7.1084501210000015,3.75
Jenin,Blackgram,41,62,15,7.358974541,3.74
Jenin,Blackgram,28,65,23,7.405176138,3.12
Jenin,Blackgram,35,64,15,6.500144962,3.25
Jenin,Blackgram,52,58,16,7.167435834,3.34
Jenin,Blackgram,58,75,25,7.261791753,3.64
Jenin,Blackgram,34,66,19,7.586642101,3.71
Jenin,Blackgram,52,70,16,7.534811832999999,3.81
Jenin,Blackgram,23,57,19,7.251000789,3.01
Jenin,Blackgram,42,58,25,6.513620917999999,3.83
Jenin,Blackgram,37,62,17,7.121254928,3.3
Jenin,Blackgram,44,75,22,7.574561547,3.73
Jenin,Blackgram,21,80,20,7.350869792,3.44
Jenin,Blackgram,56,76,16,7.5131510760000015,3.88
Jenin,Blackgram,29,76,15,7.0256077060000015,3.04
Jenin,Blackgram,43,61,20,6.804253866,3.94
Jenin,Blackgram,55,60,15,7.163043872,3.8
Jenin,Blackgram,44,63,15,7.338929556,3.25
Jenin,Blackgram,29,67,21,6.621323612,3.95
Jenin,Blackgram,47,63,16,6.661870999,3.84
Jenin,Blackgram,40,68,17,7.733149554,3.9
Jenin,Blackgram,58,61,15,7.402891666,3.87
Jenin,Blackgram,41,74,18,6.599147297999999,3.12
Jenin,Blackgram,58,79,17,7.04174124,3.04
Jenin,Blackgram,27,62,24,7.353876754,3.96
Jenin,Blackgram,27,60,17,7.026795358999999,3.4
Jenin,Blackgram,52,65,20,6.814301033,3.25
Jenin,Blackgram,44,55,25,7.42160832,3.56
Jenin,Blackgram,21,62,24,6.8473828910000005,3.25
Jenin,Blackgram,60,59,22,7.191522601,3.53
Jenin,Blackgram,33,77,21,7.01285529,3.55
Jenin,Blackgram,59,58,17,7.368318809,3.51
Jenin,Blackgram,29,63,17,7.26154329,3.22
Jenin,Blackgram,59,63,18,6.52669158,3.42
Jenin,Blackgram,29,70,15,6.872594461,3.16
Jenin,Blackgram,58,73,16,6.874142175,3.71
Jenin,Blackgram,55,77,22,7.76061831,3.06
Jenin,Blackgram,42,79,23,6.781841984,3.59
Jenin,Blackgram,44,77,21,7.326980454,3.59
Jenin,Blackgram,38,62,25,7.453975408,3.18
Nablus,Lentil,32,76,15,7.604110177000001,3.21
Nablus,Lentil,13,61,22,7.728832424,3.46
Nablus,Lentil,38,60,20,7.491217102,3.75
Nablus,Lentil,11,74,17,6.633864582,3.14
Nablus,Lentil,37,71,16,7.324863481,3.63
Nablus,Lentil,29,71,18,6.410441476,3.84
Nablus,Lentil,2,72,18,7.836719564,3.07
Nablus,Lentil,6,59,21,6.139215944,3.77
Nablus,Lentil,13,64,20,6.590571088,3.18
Nablus,Lentil,8,58,17,7.286049977999999,3.53
Nablus,Lentil,6,77,20,6.058306161,3.73
Nablus,Lentil,2,75,22,6.658605362,3.98
Nablus,Lentil,3,69,23,7.299360767,3.74
Nablus,Lentil,27,80,24,7.815210661,3.81
Nablus,Lentil,39,78,15,5.925391795,3.07
Nablus,Lentil,40,79,17,6.403683619,3.05
Nablus,Lentil,37,62,22,7.397546271,3.41
Nablus,Lentil,31,60,24,7.722335992,3.98
Nablus,Lentil,22,67,22,7.475926645,3.83
Nablus,Lentil,3,78,18,6.887130053,3.82
Nablus,Lentil,4,80,16,7.441976825,3.1
Nablus,Lentil,13,61,24,7.629910252999999,3.28
Nablus,Lentil,12,66,20,7.336117221,3.95
Nablus,Lentil,4,61,21,6.75020529,3.48
Nablus,Lentil,9,60,21,7.52178027,3.13
Nablus,Lentil,18,66,22,6.347379185,3.76
Nablus,Lentil,32,56,18,7.135251532000001,3.33
Nablus,Lentil,6,72,15,7.670178119,3.3
Nablus,Lentil,15,77,20,7.399749291,3.38
Nablus,Lentil,0,65,24,7.841496029,3.92
Nablus,Lentil,30,79,22,6.254216611,3.93
Nablus,Lentil,3,63,16,6.868881707999999,3.2
Nablus,Lentil,2,78,23,7.320514721,3.79
Nablus,Lentil,10,78,18,6.296976913,3.38
Nablus,Lentil,14,67,25,7.241151936,3.45
Nablus,Lentil,39,65,23,7.685959305,3.11
Nablus,Lentil,19,72,15,6.890760124,3.19
Nablus,Lentil,18,57,21,6.155915975,3.32
Nablus,Lentil,31,58,15,6.167855382000001,3.42
Nablus,Lentil,28,58,25,6.861640036,3.03
Nablus,Lentil,5,65,19,6.978361689,3.03
Nablus,Lentil,16,65,19,7.043160241,3.83
Nablus,Lentil,34,65,19,5.94239222,3.04
Nablus,Lentil,14,69,19,7.239455147,3.63
Nablus,Lentil,22,55,16,6.516317561,3.99
Nablus,Lentil,24,61,17,6.233269045,3.24
Nablus,Lentil,2,79,15,7.505283615,3.75
Nablus,Lentil,26,63,17,6.950300686,3.77
Nablus,Lentil,27,61,15,6.958054839,3.92
Nablus,Lentil,24,70,16,6.54803469,3.01
Nablus,Lentil,13,74,25,6.461618577,3.81
Nablus,Lentil,6,64,23,7.065264073,3.79
Nablus,Lentil,12,58,23,6.765091462000001,3.2
Nablus,Lentil,32,79,22,5.91645379,3.75
Nablus,Lentil,6,68,18,6.711341147000001,3.59
Nablus,Lentil,10,79,20,6.379881442,3.49
Nablus,Lentil,38,77,22,6.313284267999999,3.89
Nablus,Lentil,17,74,17,7.393210848,4.0
Nablus,Lentil,26,68,24,7.504930973,3.5
Nablus,Lentil,23,75,17,7.198076286,3.17
Nablus,Lentil,32,78,22,7.007037515,3.38
Nablus,Lentil,19,79,19,6.677262562,3.89
Nablus,Lentil,22,60,18,6.74398035,3.22
Nablus,Lentil,28,69,16,6.547361617999999,3.24
Nablus,Lentil,1,67,21,6.551577598,3.81
Nablus,Lentil,12,67,23,6.585020302999999,3.02
Nablus,Lentil,36,67,20,6.924042372000001,3.79
Nablus,Lentil,28,70,21,7.437373666,3.4
Nablus,Lentil,12,71,19,7.142611056000002,3.88
Nablus,Lentil,22,68,16,7.74672376,3.32
Nablus,Lentil,26,66,22,6.300479414,3.45
Nablus,Lentil,16,65,16,6.078724107,3.34
Nablus,Lentil,14,59,22,6.76660668,3.48
Nablus,Lentil,33,59,19,7.641024177,3.21
Nablus,Lentil,21,63,17,6.559681838,3.02
Nablus,Lentil,0,69,21,7.072923306,3.36
Nablus,Lentil,10,75,17,7.732194787999999,4.0
Nablus,Lentil,30,61,18,6.157782589,3.68
Nablus,Lentil,0,74,17,7.240988401,3.33
Nablus,Lentil,35,74,22,6.898905799,3.85
Nablus,Lentil,7,63,24,6.818681086000002,3.09
Nablus,Lentil,9,56,17,6.261937875,3.72
Nablus,Lentil,14,74,15,6.493036868,3.47
Nablus,Lentil,14,76,20,7.042474679,3.27
Nablus,Lentil,36,65,16,7.692013657,3.34
Nablus,Lentil,28,67,21,6.250994222999999,3.6
Nablus,Lentil,28,79,16,6.0521848810000005,3.46
Nablus,Lentil,40,61,22,7.002216044,3.24
Nablus,Lentil,10,70,19,7.272427638,3.57
Nablus,Lentil,12,80,19,5.962001484,3.13
Nablus,Lentil,37,77,20,7.080506001,3.04
Nablus,Lentil,0,67,22,6.5937983870000005,3.66
Nablus,Lentil,7,73,25,7.28805662,3.42
Nablus,Lentil,10,56,18,7.32710972,3.66
Nablus,Lentil,39,70,15,6.366355781,3.42
Nablus,Lentil,26,56,22,7.011121216,3.17
Nablus,Lentil,9,77,17,6.280725549,3.51
Nablus,Lentil,4,59,19,7.621494566,3.18
Nablus,Lentil,34,73,15,7.630424082999999,3.61
Nablus,Lentil,33,77,15,7.802212437,3.8
Hebron,Pomegranate,2,24,38,5.922935513,3.7
Hebron,Pomegranate,6,18,37,5.937649577999999,3.36
Hebron,Pomegranate,8,26,36,6.804781106,3.23
Hebron,Pomegranate,37,18,39,6.424670614,3.54
Hebron,Pomegranate,0,27,38,6.7380162210000005,3.55
Hebron,Pomegranate,31,25,38,6.4973666770000005,3.54
Hebron,Pomegranate,21,21,38,6.327673765,3.02
Hebron,Pomegranate,6,30,40,6.36137446,3.3
Hebron,Pomegranate,25,27,41,6.9235093710000015,3.75
Hebron,Pomegranate,15,11,38,6.630646082999999,3.92
Hebron,Pomegranate,14,5,36,5.832525853,3.82
Hebron,Pomegranate,16,10,41,6.738993954,3.85
Hebron,Pomegranate,36,7,37,5.782435567,3.58
Hebron,Pomegranate,4,20,41,6.537042717,3.16
Hebron,Pomegranate,29,22,40,6.145104401,3.21
Hebron,Pomegranate,16,15,42,6.890784045,3.25
Hebron,Pomegranate,18,27,41,7.175344328,3.51
Hebron,Pomegranate,11,18,42,5.938528744,3.24
Hebron,Pomegranate,5,15,38,5.709380472,3.66
Hebron,Pomegranate,18,23,44,6.184400085,3.85
Hebron,Pomegranate,9,8,40,6.553509673,3.95
Hebron,Pomegranate,40,27,45,5.885638185,3.11
Hebron,Pomegranate,22,23,44,6.1438746910000015,3.66
Hebron,Pomegranate,9,16,39,6.101198974,3.49
Hebron,Pomegranate,12,29,40,6.594037135,3.27
Hebron,Pomegranate,0,17,42,6.8598408210000015,3.4
Hebron,Pomegranate,2,21,44,6.56893406,3.18
Hebron,Pomegranate,28,6,40,6.769855664,3.73
Hebron,Pomegranate,8,23,44,7.130837931,3.14
Hebron,Pomegranate,29,16,36,5.7403380020000006,3.41
Hebron,Pomegranate,17,18,43,5.843005428,3.11
Hebron,Pomegranate,34,21,42,6.648687273999999,3.6
Hebron,Pomegranate,21,23,42,6.902751061,3.54
Hebron,Pomegranate,25,17,40,6.608023872,3.48
Hebron,Pomegranate,8,25,36,6.828522375,3.55
Hebron,Pomegranate,26,18,42,6.910374919,3.89
Hebron,Pomegranate,4,19,42,6.306605528,3.83
Hebron,Pomegranate,36,24,41,7.009180374,3.65
Hebron,Pomegranate,5,24,40,6.297907578999999,3.86
Hebron,Pomegranate,19,17,39,6.728599215,3.03
Hebron,Pomegranate,39,30,38,6.965156737999999,3.88
Hebron,Pomegranate,5,29,44,5.578095745,3.74
Hebron,Pomegranate,4,24,43,7.199504273,3.01
Hebron,Pomegranate,38,21,35,5.841367187,3.13
Hebron,Pomegranate,37,11,36,6.710143266,3.52
Hebron,Pomegranate,9,25,41,5.972714857000001,3.7
Hebron,Pomegranate,29,22,43,5.561851831,3.78
Hebron,Pomegranate,5,21,38,6.107054807999999,3.53
Hebron,Pomegranate,22,26,38,6.988035315,3.05
Hebron,Pomegranate,4,18,37,7.13147457,3.69
Hebron,Pomegranate,21,6,41,7.086947687,3.32
Hebron,Pomegranate,29,21,45,6.749260456,3.72
Hebron,Pomegranate,23,5,44,7.16300467,3.18
Hebron,Pomegranate,13,7,43,7.013481515,3.13
Hebron,Pomegranate,5,13,37,5.648243648999999,3.53
Hebron,Pomegranate,27,24,41,6.610251186,3.52
Hebron,Pomegranate,7,23,35,7.054313822999999,3.71
Hebron,Pomegranate,12,20,39,6.026999326,3.32
Hebron,Pomegranate,4,19,43,5.7794274020000005,3.03
Hebron,Pomegranate,3,9,45,6.535244251,3.11
Hebron,Pomegranate,1,27,36,5.684995235,3.03
Hebron,Pomegranate,23,30,44,6.12476108,3.21
Hebron,Pomegranate,24,21,42,6.999014379,3.62
Hebron,Pomegranate,13,30,37,6.277148771,3.67
Hebron,Pomegranate,40,11,44,6.322396027000001,3.02
Hebron,Pomegranate,21,9,40,5.956401828,3.38
Hebron,Pomegranate,3,27,44,6.591302797000001,3.15
Hebron,Pomegranate,40,29,42,7.104094929,3.14
Hebron,Pomegranate,14,25,40,6.407872061,3.34
Hebron,Pomegranate,38,14,37,6.658402594,3.2
Hebron,Pomegranate,34,9,36,6.276038961,3.23
Hebron,Pomegranate,32,14,37,6.825256236,3.42
Hebron,Pomegranate,18,21,35,6.368560522,3.42
Hebron,Pomegranate,8,23,38,7.005410734,3.42
Hebron,Pomegranate,15,6,41,6.8973684770000006,3.76
Hebron,Pomegranate,0,5,36,6.152906502,3.39
Hebron,Pomegranate,22,9,44,5.744361602000001,3.24
Hebron,Pomegranate,14,8,43,7.051654924,3.79
Hebron,Pomegranate,31,11,45,6.034612928,3.98
Hebron,Pomegranate,39,17,45,6.9244907310000015,3.87
Hebron,Pomegranate,10,5,42,6.887005997,3.04
Hebron,Pomegranate,8,28,38,6.8444019,3.99
Hebron,Pomegranate,32,13,42,5.786058032000001,3.29
Hebron,Pomegranate,18,9,40,5.627186257000001,3.38
Hebron,Pomegranate,20,27,41,5.700088663,3.38
Hebron,Pomegranate,39,25,36,5.567805185,3.07
Hebron,Pomegranate,20,7,45,6.077886012,3.63
Hebron,Pomegranate,11,10,45,6.397995609,3.19
Hebron,Pomegranate,40,18,43,5.767372539,3.18
Hebron,Pomegranate,3,26,39,7.079973241,3.34
Hebron,Pomegranate,9,16,36,5.893332377999999,3.67
Hebron,Pomegranate,30,20,38,7.058222596,3.22
Hebron,Pomegranate,40,9,41,5.78270695,3.91
Hebron,Pomegranate,40,30,35,6.269663962999999,3.79
Hebron,Pomegranate,32,25,35,5.892913826,3.76
Hebron,Pomegranate,33,23,45,7.116538883,3.6
Hebron,Pomegranate,4,14,41,6.430163481,3.29
Hebron,Pomegranate,13,17,45,7.159520979,3.78
Hebron,Pomegranate,39,24,39,6.431265737,3.69
Hebron,Pomegranate,8,28,37,6.082571701,3.06
Jericho,Banana,91,94,46,6.149934034,4.69
Jericho,Banana,105,95,50,5.849076099,5.49
Jericho,Banana,108,92,53,6.276800323,5.32
Jericho,Banana,86,76,54,5.926824754,4.95
Jericho,Banana,80,77,49,5.519088423,4.37
Jericho,Banana,93,94,53,6.079178787999999,5.06
Jericho,Banana,90,92,55,6.13465588,4.98
Jericho,Banana,108,89,53,5.808497603999999,4.56
Jericho,Banana,108,88,55,5.891458107,4.95
Jericho,Banana,105,77,52,5.816622478999999,5.4
Jericho,Banana,118,88,52,5.8431631610000005,4.1
Jericho,Banana,101,87,54,6.376756632999999,5.4
Jericho,Banana,95,75,50,5.623615687000001,4.67
Jericho,Banana,106,85,53,5.91505509,4.19
Jericho,Banana,86,95,49,6.458714879,4.92
Jericho,Banana,83,79,55,5.565028635,4.61
Jericho,Banana,85,95,47,6.211833161,4.59
Jericho,Banana,109,79,45,6.490074429,4.76
Jericho,Banana,100,76,45,5.590236025,5.3
Jericho,Banana,117,86,48,6.225225238999999,5.09
Jericho,Banana,114,94,53,6.190757458999999,4.52
Jericho,Banana,110,78,50,5.915568968,4.11
Jericho,Banana,94,70,48,6.195152442,4.77
Jericho,Banana,80,71,47,6.156373499,3.8
Jericho,Banana,114,79,51,6.313197204,5.15
Jericho,Banana,88,78,45,6.324270089,4.75
Jericho,Banana,112,73,48,5.7074889870000005,4.32
Jericho,Banana,117,76,47,6.119216009,4.35
Jericho,Banana,111,87,48,5.571401169,4.74
Jericho,Banana,89,83,47,5.63127166,4.95
Jericho,Banana,93,91,47,6.101241579,4.85
Jericho,Banana,92,81,52,6.438137278999998,4.6
Jericho,Banana,105,74,45,6.098369122,5.05
Jericho,Banana,102,71,48,5.695267822000001,4.61
Jericho,Banana,94,91,51,5.6180944460000015,4.94
Jericho,Banana,116,71,47,6.435785799,4.67
Jericho,Banana,117,79,49,6.176644228,5.17
Jericho,Banana,119,72,55,6.220643671,4.52
Jericho,Banana,99,73,53,5.8717022110000014,4.61
Jericho,Banana,91,84,52,6.390741836,5.32
Jericho,Banana,80,90,47,6.21084479,3.63
Jericho,Banana,101,70,48,6.012696655,4.94
Jericho,Banana,108,89,53,5.908770059,5.13
Jericho,Banana,100,80,52,6.049801781,4.51
Jericho,Banana,109,91,53,6.010095852999999,5.43
Jericho,Banana,82,78,46,5.738678895,5.23
Jericho,Banana,106,70,55,5.74055541,5.33
Jericho,Banana,90,86,52,5.793260262,5.46
Jericho,Banana,83,95,50,5.50947065,5.37
Jericho,Banana,119,90,48,5.986442306,4.9
Jericho,Banana,107,72,45,5.790768046,4.34
Jericho,Banana,116,81,55,5.915546415,4.28
Jericho,Banana,101,75,50,6.242528277999999,5.27
Jericho,Banana,93,81,50,6.0360792660000016,5.43
Jericho,Banana,95,75,45,5.829898502000001,5.33
Jericho,Banana,107,71,55,6.088064451,4.92
Jericho,Banana,83,94,47,6.469370954,5.18
Jericho,Banana,102,73,54,5.720726906,4.91
Jericho,Banana,86,79,45,5.80766417,4.89
Jericho,Banana,117,86,53,5.703381727999999,5.45
Jericho,Banana,111,79,53,6.165001277999999,4.8
Jericho,Banana,95,74,50,6.002481605,4.6
Jericho,Banana,91,75,55,6.212369363,5.34
Jericho,Banana,93,83,46,5.765308943,4.67
Jericho,Banana,92,85,51,5.740764682000001,4.7
Jericho,Banana,104,80,54,5.879119455,5.15
Jericho,Banana,103,72,51,6.099478745,5.02
Jericho,Banana,92,75,45,5.674403358999999,4.34
Jericho,Banana,93,85,49,5.694243847,4.66
Jericho,Banana,120,87,52,5.905494703,5.01
Jericho,Banana,108,72,46,6.110844721,4.37
Jericho,Banana,105,88,54,6.020445317,5.5
Jericho,Banana,98,79,50,6.435917308,4.44
Jericho,Banana,111,88,55,5.505393832999999,4.17
Jericho,Banana,97,74,45,5.677719902000001,4.98
Jericho,Banana,95,82,48,5.719014989,4.14
Jericho,Banana,89,91,55,6.275572297999999,4.14
Jericho,Banana,89,85,55,6.275384607,4.78
Jericho,Banana,118,88,51,6.201911642000001,4.95
Jericho,Banana,101,92,45,5.758054257,4.27
Jericho,Banana,99,92,47,6.3239336470000005,5.02
Jericho,Banana,82,77,46,5.901100841,4.75
Jericho,Banana,90,86,55,5.644486582000001,4.16
Jericho,Banana,95,88,52,6.235461772000001,4.64
Jericho,Banana,104,73,46,6.28236237,4.05
Jericho,Banana,102,73,52,6.356090905,4.22
Jericho,Banana,100,74,52,5.837258235,4.03
Jericho,Banana,94,89,48,5.653437902,4.98
Jericho,Banana,99,70,46,5.727469947,4.55
Jericho,Banana,112,87,48,6.200111067999999,4.72
Jericho,Banana,117,82,45,5.614471478,5.22
Jericho,Banana,96,86,51,6.257369799,4.69
Jericho,Banana,113,85,45,6.037430836,5.1
Jericho,Banana,105,93,46,5.760457558,5.13
Jericho,Banana,85,89,51,6.1581644220000005,5.35
Jericho,Banana,108,94,47,6.387431382999999,4.16
Jericho,Banana,92,81,52,5.891413895,5.36
Jericho,Banana,110,71,54,5.725418961,4.12
Jericho,Banana,82,75,55,6.281069505,4.72
Jericho,Banana,117,81,53,5.507641777999999,4.86
Qalqilya,Mango,2,40,27,5.954626604,2.81
Qalqilya,Mango,39,24,31,4.757114897,3.18
Qalqilya,Mango,21,26,27,5.6995869720000005,3.2
Qalqilya,Mango,25,22,25,5.977413802999999,2.63
Qalqilya,Mango,0,21,32,6.430139436,3.4
Qalqilya,Mango,20,19,35,6.113935087000001,2.61
Qalqilya,Mango,19,21,34,5.074272692,2.8
Qalqilya,Mango,18,17,31,5.667507706,3.03
Qalqilya,Mango,11,36,33,5.978634285,2.59
Qalqilya,Mango,30,28,30,5.064613314,3.21
Qalqilya,Mango,18,19,27,4.772385986000001,3.03
Qalqilya,Mango,23,23,27,5.161148592,2.95
Qalqilya,Mango,37,30,34,6.797779227,2.81
Qalqilya,Mango,11,27,30,6.39474303,2.68
Qalqilya,Mango,12,19,31,5.566704378,3.25
Qalqilya,Mango,3,28,33,5.755049971,3.09
Qalqilya,Mango,37,38,32,5.417340525,3.24
Qalqilya,Mango,26,37,30,6.166173833999999,2.54
Qalqilya,Mango,14,18,30,5.191265116,3.24
Qalqilya,Mango,40,16,35,4.954739564,2.99
Qalqilya,Mango,4,20,25,5.664587011,3.33
Qalqilya,Mango,36,25,33,5.548584852,2.99
Qalqilya,Mango,30,17,31,6.804437106,2.75
Qalqilya,Mango,28,37,28,6.097869767000001,2.69
Qalqilya,Mango,38,15,30,5.075504537,3.2
Qalqilya,Mango,12,37,30,4.546466109,2.93
Qalqilya,Mango,38,19,31,5.855119267999999,3.42
Qalqilya,Mango,8,33,29,6.442393461,2.6
Qalqilya,Mango,15,27,28,4.507523551,3.28
Qalqilya,Mango,34,16,25,6.10729559,3.2
Qalqilya,Mango,11,36,31,6.47544932,3.88
Qalqilya,Mango,33,29,34,6.832979508999999,3.1
Qalqilya,Mango,12,31,26,5.395275719,3.58
Qalqilya,Mango,12,34,28,6.13526938,3.24
Qalqilya,Mango,5,16,31,4.555688532,3.02
Qalqilya,Mango,1,30,29,6.4341977560000005,2.81
Qalqilya,Mango,16,35,31,5.316875978000001,3.07
Qalqilya,Mango,35,18,26,5.279388967,3.4
Qalqilya,Mango,4,40,26,6.720041791,3.37
Qalqilya,Mango,9,29,34,5.72742254,3.46
Qalqilya,Mango,2,38,33,4.691396195,3.12
Qalqilya,Mango,26,32,32,6.810186079,2.68
Qalqilya,Mango,34,38,31,6.454045329,3.17
Qalqilya,Mango,5,32,33,5.842763773,2.97
Qalqilya,Mango,31,29,26,5.024124683999999,2.91
Qalqilya,Mango,34,34,35,6.422710539,3.19
Qalqilya,Mango,36,19,32,4.94295037,3.11
Qalqilya,Mango,7,17,26,6.414526606,3.03
Qalqilya,Mango,38,15,27,6.777788126,3.37
Qalqilya,Mango,5,19,25,6.441328044,2.77
Qalqilya,Mango,37,36,26,4.650536197,3.03
Qalqilya,Mango,21,31,32,5.254532213,3.45
Qalqilya,Mango,37,36,27,5.910634533,2.71
Qalqilya,Mango,23,23,30,4.755273631000001,2.71
Qalqilya,Mango,36,26,26,6.814630246,3.3
Qalqilya,Mango,24,33,35,5.342866119,3.95
Qalqilya,Mango,26,18,30,6.336234623999999,3.11
Qalqilya,Mango,22,17,26,4.754435025,2.7
Qalqilya,Mango,11,34,32,6.831706773,3.3
Qalqilya,Mango,29,35,28,6.9674177660000005,3.35
Qalqilya,Mango,22,28,26,4.947683034,3.11
Qalqilya,Mango,23,24,32,5.630619901,3.09
Qalqilya,Mango,1,35,34,6.27339822,2.86
Qalqilya,Mango,2,24,34,6.472774648,3.36
Qalqilya,Mango,39,37,25,6.953246506,2.56
Qalqilya,Mango,15,36,27,5.6437102160000014,2.97
Qalqilya,Mango,3,18,31,6.392313972999999,2.83
Qalqilya,Mango,8,38,32,4.981816523,2.84
Qalqilya,Mango,33,31,34,5.421265282999999,3.32
Qalqilya,Mango,14,29,32,6.942520105,2.86
Qalqilya,Mango,18,20,26,5.435840509,3.4
Qalqilya,Mango,9,21,32,5.870116071,2.85
Qalqilya,Mango,20,30,27,4.74910393,2.99
Qalqilya,Mango,9,38,25,5.497946899,3.55
Qalqilya,Mango,26,24,34,6.811291098,3.48
Qalqilya,Mango,31,36,29,6.460542749,3.13
Qalqilya,Mango,14,18,35,4.791146778,3.34
Qalqilya,Mango,40,16,35,6.4841522000000005,3.1
Qalqilya,Mango,28,27,34,6.526654345,3.42
Qalqilya,Mango,0,17,30,6.279133738,2.85
Qalqilya,Mango,1,29,29,6.052026047000001,3.26
Qalqilya,Mango,2,36,31,5.73171945,2.86
Qalqilya,Mango,12,27,26,5.32307197,3.42
Qalqilya,Mango,7,28,35,4.66910839,2.8
Qalqilya,Mango,0,36,26,5.101206389,3.39
Qalqilya,Mango,26,35,31,5.339556562,3.13
Qalqilya,Mango,27,21,30,5.061081874,2.86
Qalqilya,Mango,22,38,31,5.8211060360000015,3.13
Qalqilya,Mango,22,18,31,5.956027059,3.04
Qalqilya,Mango,28,23,28,5.676032581,2.59
Qalqilya,Mango,7,31,27,6.524114355,3.35
Qalqilya,Mango,29,34,26,6.2739536760000005,2.6
Qalqilya,Mango,8,37,33,6.128167757000001,3.38
Qalqilya,Mango,39,16,27,4.934964765,2.72
Qalqilya,Mango,40,24,25,5.445008416,2.84
Qalqilya,Mango,19,38,26,4.525722333,3.36
Qalqilya,Mango,21,21,30,5.403908327999999,3.14
Qalqilya,Mango,22,18,33,6.621623545,2.98
Qalqilya,Mango,31,20,30,6.207495815,2.61
Qalqilya,Mango,18,26,31,5.418475257000001,2.81
Hebron,Grapes,24,130,195,6.112305667,3.71
Hebron,Grapes,13,144,204,6.092241627000001,3.78
Hebron,Grapes,22,123,205,5.896343436,3.79
Hebron,Grapes,36,125,196,6.15526103,3.3
Hebron,Grapes,24,131,196,5.732453638,3.67
Hebron,Grapes,2,123,198,6.253034534,3.67
Hebron,Grapes,35,140,197,6.106190557000001,3.05
Hebron,Grapes,11,122,195,5.647202395,3.45
Hebron,Grapes,6,123,203,6.130310493,3.02
Hebron,Grapes,17,134,204,6.499604931,3.63
Hebron,Grapes,25,130,197,5.554831977,3.07
Hebron,Grapes,27,145,205,5.800242694,3.06
Hebron,Grapes,9,122,201,5.570290539,3.98
Hebron,Grapes,16,139,203,6.27564088,3.55
Hebron,Grapes,32,141,204,5.536645599,3.9
Hebron,Grapes,22,138,195,6.208196881,3.93
Hebron,Grapes,31,144,202,5.870600622,3.4
Hebron,Grapes,3,136,205,6.334771461,3.23
Hebron,Grapes,28,122,197,5.856575335,3.87
Hebron,Grapes,4,136,204,5.898944282,3.34
Hebron,Grapes,39,145,201,5.775600435,3.37
Hebron,Grapes,38,132,197,5.931101816,3.64
Hebron,Grapes,36,133,198,6.2286454,3.3
Hebron,Grapes,25,121,201,5.594240602999999,3.75
Hebron,Grapes,15,125,199,5.569230319,3.23
Hebron,Grapes,24,140,205,5.93202852,3.37
Hebron,Grapes,13,132,203,6.423216506,3.86
Hebron,Grapes,5,126,197,6.417500829,3.16
Hebron,Grapes,30,120,200,6.234904253,3.81
Hebron,Grapes,23,142,197,6.000573725,3.76
Hebron,Grapes,26,135,203,5.6851027689999984,3.38
Hebron,Grapes,7,126,203,5.662140095,3.9
Hebron,Grapes,32,139,198,6.358186848,3.33
Hebron,Grapes,9,141,202,6.119495295,3.05
Hebron,Grapes,20,142,196,6.207600782999999,3.87
Hebron,Grapes,32,129,201,6.48754639,3.47
Hebron,Grapes,3,134,199,5.81717753,3.75
Hebron,Grapes,38,138,204,6.325480034,3.05
Hebron,Grapes,14,131,198,5.562790949,3.6
Hebron,Grapes,20,122,204,6.487369687,3.72
Hebron,Grapes,40,126,201,6.116982944,3.9
Hebron,Grapes,36,128,204,5.695792761,3.18
Hebron,Grapes,11,132,197,5.7343170070000005,3.12
Hebron,Grapes,0,137,195,6.329499832000001,3.74
Hebron,Grapes,19,123,200,6.167013532,3.47
Hebron,Grapes,31,136,197,5.653776057999999,3.82
Hebron,Grapes,4,134,200,5.840256272,3.76
Hebron,Grapes,39,139,201,5.5399808120000005,3.43
Hebron,Grapes,8,127,196,5.833302165,3.52
Hebron,Grapes,39,138,203,6.399433771,3.64
Hebron,Grapes,32,120,204,6.138958698,3.64
Hebron,Grapes,12,142,203,5.972850837999999,3.13
Hebron,Grapes,8,133,195,6.456079585,3.03
Hebron,Grapes,8,139,199,6.3364266670000005,3.74
Hebron,Grapes,21,134,202,6.425419926,3.53
Hebron,Grapes,40,140,195,6.2943956760000015,3.84
Hebron,Grapes,39,127,202,6.477768039,3.5
Hebron,Grapes,19,120,195,5.931538447,3.59
Hebron,Grapes,21,139,201,5.980598579,3.43
Hebron,Grapes,17,136,195,6.389783283,3.1
Hebron,Grapes,33,139,203,5.693287415,3.55
Hebron,Grapes,22,133,201,6.00299607,3.97
Hebron,Grapes,32,130,196,6.372959542,3.05
Hebron,Grapes,37,135,205,5.510924848999999,3.92
Hebron,Grapes,15,140,195,5.69945282,3.16
Hebron,Grapes,39,132,196,5.778594403,3.71
Hebron,Grapes,40,121,199,6.315586313,3.05
Hebron,Grapes,40,132,202,5.9718130060000005,3.61
Hebron,Grapes,29,142,203,5.891195653,3.24
Hebron,Grapes,32,121,199,6.129812716,3.76
Hebron,Grapes,6,140,205,6.313085601,3.75
Hebron,Grapes,8,120,196,6.053662544,3.13
Hebron,Grapes,34,133,202,5.804799142,3.72
Hebron,Grapes,35,135,199,6.400719746,3.89
Hebron,Grapes,16,145,199,5.953966361,3.25
Hebron,Grapes,8,136,201,5.6092559920000005,3.13
Hebron,Grapes,25,129,195,5.777271492000001,3.57
Hebron,Grapes,16,130,201,5.682395429,3.98
Hebron,Grapes,39,129,203,5.863996687,3.39
Hebron,Grapes,38,135,203,6.444373116,3.36
Hebron,Grapes,33,120,205,5.550832177999999,3.68
Hebron,Grapes,35,125,204,6.107741787999999,3.34
Hebron,Grapes,1,132,200,5.620745638,3.83
Hebron,Grapes,39,140,203,6.349875906,3.03
Hebron,Grapes,28,145,202,6.484323189,3.79
Hebron,Grapes,6,128,200,5.838748311,3.31
Hebron,Grapes,6,139,199,6.29099842,3.59
Hebron,Grapes,29,122,196,5.638328481,3.57
Hebron,Grapes,37,144,197,6.415555956,3.09
Hebron,Grapes,38,120,197,6.323722572,3.89
Hebron,Grapes,38,141,198,5.757009965,3.19
Hebron,Grapes,14,121,203,6.1586894060000015,3.97
Hebron,Grapes,6,125,204,5.7335398070000005,3.75
Hebron,Grapes,32,138,197,5.908724337000001,3.53
Hebron,Grapes,11,124,204,6.361141107000001,3.69
Hebron,Grapes,23,138,200,5.96537863,3.79
Hebron,Grapes,40,143,201,6.476757723,3.73
Hebron,Grapes,6,142,202,6.224542938,3.63
Hebron,Grapes,37,124,195,6.209928251,3.56
Hebron,Grapes,35,134,204,5.841138354,3.41
Jenin,Watermelon,119,25,51,6.283818329,3.61
Jenin,Watermelon,119,19,55,6.818261382999999,3.99
Jenin,Watermelon,105,30,50,6.37620108,3.79
Jenin,Watermelon,114,8,50,6.581587932000001,3.87
Jenin,Watermelon,93,22,52,6.932739726,4.36
Jenin,Watermelon,80,26,55,6.140099215,3.48
Jenin,Watermelon,85,27,45,6.467095849,4.5
Jenin,Watermelon,85,22,53,6.849471704,4.44
Jenin,Watermelon,82,22,45,6.512196212,3.7
Jenin,Watermelon,118,13,54,6.039584629,3.51
Jenin,Watermelon,83,25,53,6.057697106,4.31
Jenin,Watermelon,86,15,47,6.423898762,3.8
Jenin,Watermelon,101,10,47,6.936997681,4.22
Jenin,Watermelon,119,9,50,6.251286661,3.87
Jenin,Watermelon,104,17,46,6.190015912000001,4.01
Jenin,Watermelon,95,12,51,6.681606702000001,3.55
Jenin,Watermelon,102,14,52,6.51075991,4.29
Jenin,Watermelon,109,21,55,6.770278088,4.49
Jenin,Watermelon,81,18,50,6.429788072999999,4.36
Jenin,Watermelon,103,17,51,6.209888345,3.62
Jenin,Watermelon,105,14,50,6.419052193,4.37
Jenin,Watermelon,97,8,52,6.237861736,3.68
Jenin,Watermelon,120,19,49,6.762471628999998,4.11
Jenin,Watermelon,95,16,55,6.612847999,3.99
Jenin,Watermelon,83,29,52,6.704688865,3.53
Jenin,Watermelon,83,9,45,6.049609892,3.8
Jenin,Watermelon,91,21,50,6.762030215,3.83
Jenin,Watermelon,116,5,54,6.65398725,4.42
Jenin,Watermelon,112,28,54,6.738030547,3.51
Jenin,Watermelon,88,29,51,6.095689937,4.02
Jenin,Watermelon,118,15,45,6.538006356,3.7
Jenin,Watermelon,92,21,48,6.377427122,4.36
Jenin,Watermelon,106,14,45,6.417011754,3.62
Jenin,Watermelon,99,5,47,6.649086972,4.18
Jenin,Watermelon,98,8,51,6.25933595,4.12
Jenin,Watermelon,108,22,46,6.121168559,4.05
Jenin,Watermelon,119,7,55,6.031424482,4.33
Jenin,Watermelon,117,27,48,6.835268183999999,3.77
Jenin,Watermelon,109,10,53,6.5517503060000015,4.06
Jenin,Watermelon,80,16,46,6.940236218,3.45
Jenin,Watermelon,100,18,52,6.87606733,4.27
Jenin,Watermelon,91,7,53,6.457216535,3.82
Jenin,Watermelon,86,6,53,6.921847887999999,4.35
Jenin,Watermelon,107,5,52,6.8814257460000015,3.94
Jenin,Watermelon,103,16,49,6.915717008,3.62
Jenin,Watermelon,101,20,48,6.206247493999999,4.27
Jenin,Watermelon,85,25,47,6.29542477,3.63
Jenin,Watermelon,84,7,51,6.399669044,4.14
Jenin,Watermelon,102,28,54,6.862157042000001,4.22
Jenin,Watermelon,98,25,52,6.224066378,3.62
Jenin,Watermelon,97,25,50,6.093814669,4.24
Jenin,Watermelon,90,16,45,6.291540277999999,4.01
Jenin,Watermelon,95,12,46,6.32281728,3.62
Jenin,Watermelon,82,23,49,6.873283991,4.44
Jenin,Watermelon,82,25,51,6.074209622000001,3.63
Jenin,Watermelon,110,28,46,6.49889585,3.68
Jenin,Watermelon,118,21,51,6.678805092,4.21
Jenin,Watermelon,120,20,45,6.114128685,3.92
Jenin,Watermelon,91,7,52,6.405054243,3.62
Jenin,Watermelon,81,6,55,6.110142735,4.27
Jenin,Watermelon,101,13,54,6.828982708,4.32
Jenin,Watermelon,101,17,55,6.451499763999999,4.46
Jenin,Watermelon,111,6,53,6.313512998999999,4.26
Jenin,Watermelon,107,10,49,6.755192025,4.36
Jenin,Watermelon,115,11,46,6.623167177000001,3.81
Jenin,Watermelon,84,25,52,6.12532356,3.52
Jenin,Watermelon,120,7,47,6.653867608,4.5
Jenin,Watermelon,91,12,46,6.343942518,3.86
Jenin,Watermelon,89,22,52,6.217300786,4.33
Jenin,Watermelon,113,19,46,6.286387658,4.22
Jenin,Watermelon,97,22,50,6.769893799999998,3.72
Jenin,Watermelon,117,30,50,6.744966312000001,4.11
Jenin,Watermelon,90,14,52,6.391858432,3.53
Jenin,Watermelon,104,23,47,6.770434148,3.65
Jenin,Watermelon,81,16,45,6.727468157000001,3.9
Jenin,Watermelon,88,5,47,6.662244646,3.52
Jenin,Watermelon,92,7,45,6.944640222,4.1
Jenin,Watermelon,81,18,50,6.507110986,4.44
Jenin,Watermelon,111,5,55,6.520663422,3.58
Jenin,Watermelon,108,23,51,6.106500787000001,3.65
Jenin,Watermelon,113,30,50,6.277484042999999,3.8
Jenin,Watermelon,83,10,53,6.195142279,3.9
Jenin,Watermelon,101,11,51,6.792035575,3.71
Jenin,Watermelon,114,21,55,6.472756256,4.07
Jenin,Watermelon,99,6,45,6.000975617000001,4.11
Jenin,Watermelon,92,20,55,6.5877912620000005,4.17
Jenin,Watermelon,92,7,48,6.956508826,4.28
Jenin,Watermelon,91,24,55,6.259086582999999,3.7
Jenin,Watermelon,110,21,54,6.747537642,3.54
Jenin,Watermelon,112,25,51,6.932537231,4.26
Jenin,Watermelon,89,25,54,6.353107392999999,3.74
Jenin,Watermelon,100,10,53,6.211748957,4.31
Jenin,Watermelon,83,22,54,6.277245253999999,3.86
Jenin,Watermelon,95,14,50,6.560443519,4.33
Jenin,Watermelon,119,30,49,6.903020221,4.07
Jenin,Watermelon,97,12,47,6.765094963999998,3.52
Jenin,Watermelon,110,7,45,6.189213927000001,4.02
Jenin,Watermelon,96,18,50,6.904241707000001,3.95
Jenin,Watermelon,83,23,55,6.463271076,4.3
Jenin,Watermelon,120,24,47,6.260838965,4.13
Jenin,Muskmelon,115,17,55,6.776533055,4.26
Jenin,Muskmelon,114,27,48,6.528404377999999,4.34
Jenin,Muskmelon,101,25,52,6.750145572,4.48
Jenin,Muskmelon,118,18,52,6.562832807,4.14
Jenin,Muskmelon,95,26,45,6.117530021,3.85
Jenin,Muskmelon,81,25,49,6.076459669,3.89
Jenin,Muskmelon,117,24,53,6.293486295,3.84
Jenin,Muskmelon,114,30,51,6.069171847000001,3.89
Jenin,Muskmelon,113,6,52,6.740983646,3.76
Jenin,Muskmelon,108,26,52,6.201797639,3.71
Jenin,Muskmelon,81,30,48,6.041027474,4.1
Jenin,Muskmelon,115,9,52,6.019372459,4.09
Jenin,Muskmelon,83,7,45,6.704104127000001,4.17
Jenin,Muskmelon,84,21,55,6.494251024,4.03
Jenin,Muskmelon,109,26,45,6.224535448999998,3.59
Jenin,Muskmelon,95,27,55,6.160414414,3.96
Jenin,Muskmelon,119,5,55,6.168757984,4.46
Jenin,Muskmelon,110,14,51,6.085444691,3.51
Jenin,Muskmelon,82,18,48,6.1590508160000015,3.61
Jenin,Muskmelon,87,14,48,6.606033244,3.94
Jenin,Muskmelon,85,9,53,6.447662945,4.07
Jenin,Muskmelon,100,6,53,6.105909623,3.59
Jenin,Muskmelon,107,12,46,6.559763394,3.52
Jenin,Muskmelon,91,13,47,6.14410903,4.04
Jenin,Muskmelon,102,25,50,6.099662369,3.54
Jenin,Muskmelon,117,25,53,6.413927319,3.7
Jenin,Muskmelon,85,21,52,6.0751441160000015,4.08
Jenin,Muskmelon,104,25,55,6.123802502,3.52
Jenin,Muskmelon,102,24,54,6.698468621,4.01
Jenin,Muskmelon,116,25,50,6.088885814,4.36
Jenin,Muskmelon,100,17,48,6.367800632000001,3.97
Jenin,Muskmelon,110,25,54,6.425930938,4.07
Jenin,Muskmelon,104,25,51,6.469983276000002,4.25
Jenin,Muskmelon,107,11,54,6.094016337999999,4.16
Jenin,Muskmelon,98,26,52,6.150090898999999,4.5
Jenin,Muskmelon,88,17,52,6.646962425,4.35
Jenin,Muskmelon,87,25,46,6.379690748,4.35
Jenin,Muskmelon,120,8,46,6.732834334,4.29
Jenin,Muskmelon,95,13,46,6.126019932,3.85
Jenin,Muskmelon,108,22,47,6.161123579,4.18
Jenin,Muskmelon,82,13,52,6.442810053,3.89
Jenin,Muskmelon,120,23,55,6.732049075,3.9
Jenin,Muskmelon,110,22,47,6.243673725,4.38
Jenin,Muskmelon,95,23,45,6.266208727,4.29
Jenin,Muskmelon,106,10,49,6.350623739,4.0
Jenin,Muskmelon,99,12,52,6.002927293,4.18
Jenin,Muskmelon,106,20,51,6.342573112,4.0
Jenin,Muskmelon,83,11,53,6.163921247999999,4.0
Jenin,Muskmelon,117,19,55,6.121745389,4.1
Jenin,Muskmelon,98,26,49,6.130160472999999,3.51
Jenin,Muskmelon,113,20,48,6.440584681,3.98
Jenin,Muskmelon,101,17,47,6.185053234,4.14
Jenin,Muskmelon,98,7,45,6.157724816,4.34
Jenin,Muskmelon,93,22,48,6.776987974,3.86
Jenin,Muskmelon,95,21,47,6.431970877,3.94
Jenin,Muskmelon,109,12,48,6.708743843,3.58
Jenin,Muskmelon,118,12,47,6.010739645,3.85
Jenin,Muskmelon,100,14,49,6.365956657999999,4.19
Jenin,Muskmelon,89,9,47,6.6683827660000015,4.14
Jenin,Muskmelon,95,16,46,6.74669542,4.33
Jenin,Muskmelon,95,7,45,6.031665834,4.22
Jenin,Muskmelon,87,6,45,6.40077205,4.08
Jenin,Muskmelon,93,20,50,6.448792688999999,4.12
Jenin,Muskmelon,84,29,49,6.251420275,4.16
Jenin,Muskmelon,111,5,47,6.2744528110000015,3.56
Jenin,Muskmelon,111,5,52,6.135996372,3.97
Jenin,Muskmelon,111,15,54,6.194090172,3.68
Jenin,Muskmelon,89,11,47,6.327822962000001,4.3
Jenin,Muskmelon,110,15,48,6.2125672110000005,3.6
Jenin,Muskmelon,95,30,52,6.640470862999999,4.09
Jenin,Muskmelon,115,12,52,6.685553129,4.35
Jenin,Muskmelon,120,25,50,6.327210469,3.68
Jenin,Muskmelon,102,11,45,6.35544263,4.11
Jenin,Muskmelon,94,5,55,6.085682343999999,3.53
Jenin,Muskmelon,84,18,46,6.781050372999999,4.31
Jenin,Muskmelon,107,22,54,6.630301421,3.8
Jenin,Muskmelon,80,18,52,6.484799661,2.88
Jenin,Muskmelon,86,18,45,6.566759102000001,3.71
Jenin,Muskmelon,113,28,48,6.170520517999999,3.79
Jenin,Muskmelon,115,18,53,6.0124803510000016,3.71
Jenin,Muskmelon,82,20,54,6.541150335,3.79
Jenin,Muskmelon,98,22,47,6.341400922,4.36
Jenin,Muskmelon,117,25,54,6.150686363999999,4.06
Jenin,Muskmelon,83,15,49,6.438008152999999,4.28
Jenin,Muskmelon,120,16,51,6.547041902999999,4.19
Jenin,Muskmelon,111,5,50,6.399891457000001,4.45
Jenin,Muskmelon,85,21,47,6.186770318,4.27
Jenin,Muskmelon,90,23,54,6.159020864,4.42
Jenin,Muskmelon,99,29,55,6.660954816,3.61
Jenin,Muskmelon,102,11,47,6.504906978999999,4.06
Jenin,Muskmelon,80,18,51,6.706053225,3.0
Jenin,Muskmelon,87,21,52,6.067665497999999,3.61
Jenin,Muskmelon,114,8,52,6.419083092,4.09
Jenin,Muskmelon,99,6,46,6.39637861,3.97
Jenin,Muskmelon,89,25,50,6.375923383,3.73
Jenin,Muskmelon,96,13,55,6.700337732,4.17
Jenin,Muskmelon,82,26,47,6.565312652999999,3.71
Jenin,Muskmelon,106,21,52,6.286515359,3.63
Jenin,Muskmelon,90,15,52,6.448061578,3.72
Jenin,Muskmelon,106,16,54,6.585872508,4.04
Hebron,Apple,24,128,196,5.521466996,3.77
Hebron,Apple,7,144,197,6.133220586,4.41
Hebron,Apple,14,128,205,6.226289556,4.24
Hebron,Apple,8,120,201,6.321152192,3.54
Hebron,Apple,20,129,201,5.587905967,3.77
Hebron,Apple,32,137,204,5.824151692999999,3.74
Hebron,Apple,27,139,205,5.7721799460000005,3.72
Hebron,Apple,0,123,205,5.790993052,3.58
Hebron,Apple,22,144,196,6.4992268210000015,4.13
Hebron,Apple,1,124,199,5.658473817000001,3.51
Hebron,Apple,30,122,197,5.573241391,4.28
Hebron,Apple,29,121,196,6.079497202000001,3.84
Hebron,Apple,13,126,204,6.3831802710000005,3.61
Hebron,Apple,9,139,199,5.867420996,3.9
Hebron,Apple,0,133,200,5.708418722,3.73
Hebron,Apple,30,143,199,5.7983508000000015,3.61
Hebron,Apple,36,140,198,6.28188384,4.08
Hebron,Apple,37,137,199,5.697945522,4.37
Hebron,Apple,33,121,203,5.6059340870000005,4.49
Hebron,Apple,7,144,195,5.85648105,3.56
Hebron,Apple,35,128,205,6.041053829,3.76
Hebron,Apple,29,128,198,5.685062404,4.25
Hebron,Apple,2,143,196,5.669489065,4.47
Hebron,Apple,34,140,198,5.751707342,4.2
Hebron,Apple,29,144,204,5.800448951,3.58
Hebron,Apple,32,141,203,5.821347769,3.79
Hebron,Apple,13,144,197,6.28022267,4.41
Hebron,Apple,25,143,198,6.027314401,3.66
Hebron,Apple,9,137,200,5.636687393,4.41
Hebron,Apple,6,144,198,5.559363609,4.4
Hebron,Apple,37,126,196,5.596449493,3.91
Hebron,Apple,2,120,203,5.893492998999999,3.82
Hebron,Apple,11,143,197,5.875718516,4.0
Hebron,Apple,10,141,201,6.386021424,4.44
Hebron,Apple,24,142,202,5.710819862,4.37
Hebron,Apple,23,138,195,5.7959857160000015,3.99
Hebron,Apple,18,125,204,6.046673619,4.33
Hebron,Apple,13,121,196,6.443382913,4.47
Hebron,Apple,26,122,202,5.617227184,3.61
Hebron,Apple,28,123,202,6.442289294,4.1
Hebron,Apple,26,121,201,6.162034371,4.48
Hebron,Apple,21,137,196,5.812781806,4.38
Hebron,Apple,21,135,198,5.7650151260000015,3.75
Hebron,Apple,5,144,205,6.184922574,3.99
Hebron,Apple,2,123,205,5.739652177000001,3.78
Hebron,Apple,15,133,199,5.8247786360000005,4.02
Hebron,Apple,31,130,198,5.554823557000001,3.75
Hebron,Apple,25,143,200,6.024248787,4.3
Hebron,Apple,16,143,204,5.631333387000001,3.75
Hebron,Apple,19,122,202,5.811975094,4.3
Hebron,Apple,10,125,196,5.730557448,4.28
Hebron,Apple,20,139,202,5.66999105,3.81
Hebron,Apple,28,123,198,5.682751473,4.18
Hebron,Apple,28,136,200,6.245858905,4.05
Hebron,Apple,2,131,199,6.017370134,3.83
Hebron,Apple,2,140,197,5.53456749,4.32
Hebron,Apple,27,138,201,5.952367662,3.59
Hebron,Apple,30,127,204,6.126436584,3.82
Hebron,Apple,32,145,203,6.406818518,3.63
Hebron,Apple,29,139,205,6.155939452999999,4.37
Hebron,Apple,26,126,195,5.878568981,4.31
Hebron,Apple,40,136,202,5.935336307999999,4.38
Hebron,Apple,6,124,200,5.971332179,3.74
Hebron,Apple,35,138,200,5.67130617,4.4
Hebron,Apple,17,136,196,5.882155987999999,4.48
Hebron,Apple,33,134,205,6.08551916,4.35
Hebron,Apple,16,143,197,5.90402645,4.44
Hebron,Apple,27,120,200,6.1102188260000005,3.81
Hebron,Apple,29,145,205,6.212302608,3.82
Hebron,Apple,3,141,197,6.142803397000001,3.86
Hebron,Apple,15,123,204,6.365972687999999,3.79
Hebron,Apple,5,136,195,6.264202804,3.65
Hebron,Apple,10,136,204,6.276198595,3.59
Hebron,Apple,7,141,195,5.514253142,3.51
Hebron,Apple,2,129,201,5.682343744,4.19
Hebron,Apple,29,138,197,5.830892252000001,4.04
Hebron,Apple,30,137,200,5.603413172000001,4.48
Hebron,Apple,29,132,204,6.0967531,3.88
Hebron,Apple,14,139,197,6.056529526,3.99
Hebron,Apple,18,125,203,6.160267496,3.69
Hebron,Apple,33,143,204,5.814434775,3.88
Hebron,Apple,40,144,196,5.987262638,3.75
Hebron,Apple,9,143,197,5.570020684,4.3
Hebron,Apple,38,135,203,5.9655513110000005,3.54
Hebron,Apple,28,130,196,6.062356467000001,3.69
Hebron,Apple,35,142,203,5.895319002000001,3.97
Hebron,Apple,12,129,205,6.119432215,3.69
Hebron,Apple,1,135,203,5.624203283,3.99
Hebron,Apple,0,145,205,5.52078314,4.48
Hebron,Apple,31,121,201,5.731535257999999,4.3
Hebron,Apple,35,131,203,5.893490899,3.89
Hebron,Apple,29,140,195,5.560521058,3.63
Hebron,Apple,33,138,198,6.222390797999999,3.7
Hebron,Apple,14,140,197,6.071255131,3.55
Hebron,Apple,35,145,195,6.231950009,4.25
Hebron,Apple,40,120,197,5.889480679,3.9
Hebron,Apple,25,132,198,5.732757516,3.59
Hebron,Apple,31,137,196,6.400321212000001,4.28
Hebron,Apple,36,144,196,6.496934492,4.08
Hebron,Apple,10,140,197,6.229498836,4.44
Tulkarm,Orange,22,30,12,6.354006743999999,3.63
Tulkarm,Orange,37,6,13,7.511755067999999,3.14
Tulkarm,Orange,27,13,6,7.335158382,3.51
Tulkarm,Orange,7,16,9,7.813916602999999,3.58
Tulkarm,Orange,20,7,9,7.1291369410000005,3.51
Tulkarm,Orange,26,27,10,6.079998496,3.82
Tulkarm,Orange,5,23,15,7.408939392000001,3.8
Tulkarm,Orange,0,18,14,7.207991261,3.4
Tulkarm,Orange,39,24,14,7.189259647,3.38
Tulkarm,Orange,13,23,6,7.365338111,3.44
Tulkarm,Orange,21,17,15,7.455991072000001,3.89
Tulkarm,Orange,33,12,8,6.822282114,3.95
Tulkarm,Orange,6,9,12,7.028746406000002,3.75
Tulkarm,Orange,19,7,10,6.118430299,3.22
Tulkarm,Orange,24,18,6,6.285312759,3.05
Tulkarm,Orange,9,11,8,6.559236744,3.13
Tulkarm,Orange,31,8,7,7.163245982,3.51
Tulkarm,Orange,22,17,5,6.945562889,3.82
Tulkarm,Orange,13,5,8,7.474710503,3.11
Tulkarm,Orange,16,8,9,7.601189842999999,3.75
Tulkarm,Orange,4,13,6,7.5611432239999985,3.21
Tulkarm,Orange,0,25,14,6.361671475,3.03
Tulkarm,Orange,8,7,10,6.929216014,3.66
Tulkarm,Orange,4,23,5,7.477935216,3.95
Tulkarm,Orange,33,14,8,7.684420446,3.36
Tulkarm,Orange,30,7,15,7.825531916,3.5
Tulkarm,Orange,21,29,12,6.438668989,3.82
Tulkarm,Orange,11,14,5,6.946354724,3.38
Tulkarm,Orange,9,8,15,7.994465371,3.14
Tulkarm,Orange,5,18,14,7.434118807000001,3.32
Tulkarm,Orange,29,25,14,7.781988584,3.11
Tulkarm,Orange,33,12,15,6.052318465,3.94
Tulkarm,Orange,8,16,6,7.106650373,3.19
Tulkarm,Orange,15,14,8,6.22094286,3.28
Tulkarm,Orange,16,7,8,6.420457311,3.33
Tulkarm,Orange,0,12,7,6.969249676,3.54
Tulkarm,Orange,5,25,6,6.0113021810000005,3.34
Tulkarm,Orange,6,8,11,6.600948787999999,3.47
Tulkarm,Orange,10,5,5,7.817846496,3.31
Tulkarm,Orange,1,17,6,6.8198271,3.16
Tulkarm,Orange,1,30,10,7.291405641,3.83
Tulkarm,Orange,0,23,15,7.598729065,3.81
Tulkarm,Orange,24,27,9,6.157135092000001,3.4
Tulkarm,Orange,36,11,13,7.1917274,3.16
Tulkarm,Orange,40,21,8,7.418761774,3.1
Tulkarm,Orange,40,22,6,6.488221135,3.94
Tulkarm,Orange,32,18,13,6.044167236,3.7
Tulkarm,Orange,9,10,10,6.010391864,3.09
Tulkarm,Orange,13,16,8,6.949838549,3.34
Tulkarm,Orange,15,9,11,7.907956251,3.45
Tulkarm,Orange,29,11,5,7.639788459,3.85
Tulkarm,Orange,1,15,9,7.53350946,3.79
Tulkarm,Orange,18,5,11,6.251586885,3.57
Tulkarm,Orange,14,22,9,6.543191814,3.58
Tulkarm,Orange,33,15,7,7.651225301,3.99
Tulkarm,Orange,4,6,7,6.708889665,3.48
Tulkarm,Orange,17,16,14,6.625538653,3.54
Tulkarm,Orange,12,20,10,6.528354932,3.13
Tulkarm,Orange,34,29,8,6.450640306,3.99
Tulkarm,Orange,39,28,10,7.181907673,3.37
Tulkarm,Orange,31,25,12,7.016482298,3.02
Tulkarm,Orange,12,6,8,6.388617138,3.4
Tulkarm,Orange,12,29,13,7.57125447,3.37
Tulkarm,Orange,26,11,11,7.609348255,3.01
Tulkarm,Orange,19,24,15,7.137136973,3.71
Tulkarm,Orange,39,21,9,6.354022554,3.48
Tulkarm,Orange,16,29,13,6.196907944,3.76
Tulkarm,Orange,36,29,13,7.829507245,3.68
Tulkarm,Orange,37,23,12,6.395258356,3.01
Tulkarm,Orange,39,9,15,7.992041984,3.81
Tulkarm,Orange,31,5,14,6.583411671,3.56
Tulkarm,Orange,18,12,8,6.206053072,3.64
Tulkarm,Orange,20,20,10,6.976997772000001,3.47
Tulkarm,Orange,5,8,5,6.562594972,3.21
Tulkarm,Orange,20,8,12,7.260416405,3.77
Tulkarm,Orange,25,21,11,6.460044777999999,3.45
Tulkarm,Orange,14,19,14,6.699164936,3.23
Tulkarm,Orange,37,18,12,7.401121811,3.53
Tulkarm,Orange,26,15,6,6.912033409,3.69
Tulkarm,Orange,13,22,5,7.764040111,3.27
Tulkarm,Orange,32,25,9,7.796034006,3.2
Tulkarm,Orange,19,7,9,6.969883482999999,3.93
Tulkarm,Orange,28,7,9,6.730757538,3.91
Tulkarm,Orange,24,30,11,6.601395755,3.42
Tulkarm,Orange,7,17,10,6.465913274,3.94
Tulkarm,Orange,18,23,8,6.41354791,3.39
Tulkarm,Orange,7,20,12,6.475275337,3.91
Tulkarm,Orange,20,23,11,6.407715561,3.89
Tulkarm,Orange,18,14,11,6.550814117000001,3.95
Tulkarm,Orange,34,11,10,7.36220835,3.68
Tulkarm,Orange,20,29,10,7.36549204,3.52
Tulkarm,Orange,37,24,13,7.8546243,3.06
Tulkarm,Orange,12,8,10,7.995848977,3.35
Tulkarm,Orange,34,10,14,6.725600855,3.45
Tulkarm,Orange,6,13,9,7.786725333,3.25
Tulkarm,Orange,27,30,5,7.656978112000001,3.31
Tulkarm,Orange,13,8,12,7.105904818,3.29
Tulkarm,Orange,6,7,7,7.199106204,3.59
Tulkarm,Orange,40,17,15,7.871063004,3.14
Tulkarm,Orange,31,26,9,7.566165721,3.5
Jericho,Papaya,61,68,50,6.7932454170000005,3.82
Jericho,Papaya,58,46,45,6.576261427,2.53
Jericho,Papaya,45,47,55,6.751452932,3.37
Jericho,Papaya,39,65,53,6.560743092999999,3.52
Jericho,Papaya,31,68,45,6.938313356,3.56
Jericho,Papaya,70,68,45,6.991626158,4.1
Jericho,Papaya,68,62,50,6.977700268,3.78
Jericho,Papaya,34,65,47,6.833768535,4.17
Jericho,Papaya,38,68,54,6.739170045,4.11
Jericho,Papaya,69,64,47,6.993473247000001,3.87
Jericho,Papaya,58,51,47,6.757470637000001,3.98
Jericho,Papaya,59,47,53,6.8506632320000005,3.17
Jericho,Papaya,44,64,54,6.74274935,4.32
Jericho,Papaya,56,57,48,6.506120752,3.99
Jericho,Papaya,69,60,54,6.98992719,3.64
Jericho,Papaya,56,58,49,6.69215564,4.15
Jericho,Papaya,49,55,53,6.544029776,3.54
Jericho,Papaya,38,51,52,6.927803911,3.31
Jericho,Papaya,54,65,47,6.721835879,4.06
Jericho,Papaya,57,57,51,6.99223441,3.56
Jericho,Papaya,39,52,53,6.704204398,3.88
Jericho,Papaya,58,67,45,6.702424548,3.47
Jericho,Papaya,61,64,52,6.641098708,3.98
Jericho,Papaya,34,62,55,6.585346229,3.81
Jericho,Papaya,31,48,45,6.563134737,3.56
Jericho,Papaya,47,46,52,6.502289472999999,3.77
Jericho,Papaya,32,68,52,6.800321319,4.22
Jericho,Papaya,36,59,46,6.721130542999999,4.35
Jericho,Papaya,61,51,51,6.574677594,3.71
Jericho,Papaya,70,54,46,6.919342407,4.32
Jericho,Papaya,44,56,49,6.519779582999999,3.87
Jericho,Papaya,34,68,51,6.687088097999999,3.97
Jericho,Papaya,50,59,47,6.747975732,3.91
Jericho,Papaya,39,70,52,6.65149129,3.35
Jericho,Papaya,34,61,49,6.502675132,4.11
Jericho,Papaya,44,60,55,6.825371185,3.8
Jericho,Papaya,31,62,52,6.99104104,3.55
Jericho,Papaya,65,62,51,6.5116248410000015,4.01
Jericho,Papaya,44,57,53,6.93172108,3.4
Jericho,Papaya,50,47,48,6.712772332999999,3.67
Jericho,Papaya,43,50,48,6.63016515,3.34
Jericho,Papaya,60,46,53,6.761953186,3.91
Jericho,Papaya,70,68,55,6.691202286,3.16
Jericho,Papaya,59,62,52,6.608667683999999,3.9
Jericho,Papaya,60,58,51,6.840802254,3.71
Jericho,Papaya,42,60,47,6.834808347999999,3.96
Jericho,Papaya,35,66,47,6.953439161,3.97
Jericho,Papaya,34,65,48,6.665024507999999,4.19
Jericho,Papaya,36,54,46,6.662875839,4.29
Jericho,Papaya,39,64,52,6.678695788,3.18
Jericho,Papaya,37,52,47,6.54277684,3.99
Jericho,Papaya,33,47,46,6.839443833,3.96
Jericho,Papaya,34,48,48,6.805277038,3.47
Jericho,Papaya,49,54,50,6.762522087000001,3.21
Jericho,Papaya,40,65,49,6.678449317999999,4.05
Jericho,Papaya,68,52,49,6.577192175,3.94
Jericho,Papaya,50,46,52,6.734005647999999,3.07
Jericho,Papaya,65,63,50,6.524459342,3.37
Jericho,Papaya,40,49,47,6.501521192,3.42
Jericho,Papaya,42,53,48,6.758479569,4.02
Jericho,Papaya,49,55,51,6.676578778,3.92
Jericho,Papaya,59,62,49,6.941496806,3.79
Jericho,Papaya,63,58,47,6.864143752,3.59
Jericho,Papaya,70,65,52,6.583528529,3.13
Jericho,Papaya,63,50,52,6.751747609,3.11
Jericho,Papaya,40,64,47,6.893509446,3.23
Jericho,Papaya,63,58,50,6.720744449,3.59
Jericho,Papaya,45,58,49,6.827812549,3.87
Jericho,Papaya,66,69,47,6.912299695,3.58
Jericho,Papaya,54,67,52,6.586107335,4.39
Jericho,Papaya,69,67,52,6.827305908,3.94
Jericho,Papaya,67,68,49,6.821774589,4.06
Jericho,Papaya,45,57,47,6.656458831,3.86
Jericho,Papaya,56,50,52,6.770384816,2.69
Jericho,Papaya,70,50,53,6.933809742999999,3.77
Jericho,Papaya,44,47,45,6.579441304,3.41
Jericho,Papaya,50,60,47,6.92791761,3.63
Jericho,Papaya,52,51,53,6.985804083,3.84
Jericho,Papaya,35,68,45,6.612429546,3.8
Jericho,Papaya,68,69,52,6.813383387000001,3.91
Jericho,Papaya,32,55,52,6.967759599999999,4.45
Jericho,Papaya,32,55,51,6.57398033,3.25
Jericho,Papaya,48,62,47,6.803094965,3.97
Jericho,Papaya,39,69,53,6.964955435,4.17
Jericho,Papaya,49,61,45,6.764213299,4.13
Jericho,Papaya,48,57,54,6.617703177999999,4.05
Jericho,Papaya,69,66,49,6.52711001,3.31
Jericho,Papaya,53,55,55,6.709668804,3.69
Jericho,Papaya,38,61,52,6.620729882000001,3.57
Jericho,Papaya,57,64,55,6.583760498999999,3.12
Jericho,Papaya,51,57,55,6.6764073370000006,4.42
Jericho,Papaya,56,65,45,6.751298936,4.46
Jericho,Papaya,54,66,52,6.867554147000001,4.32
Jericho,Papaya,58,55,47,6.7424900270000006,3.6
Jericho,Papaya,68,70,54,6.986228647000001,3.74
Jericho,Papaya,42,59,55,6.979102243,3.67
Jericho,Papaya,43,64,47,6.8256647820000005,4.42
Jericho,Papaya,35,67,49,6.617066674,4.09
Jericho,Papaya,56,59,55,6.551892637999999,3.68
Jericho,Papaya,39,64,53,6.598860305,4.13
Jenin,Cotton,133,47,24,7.231324765,4.07
Jenin,Cotton,136,36,20,6.925412377000001,3.72
Jenin,Cotton,104,47,18,7.633437412,3.59
Jenin,Cotton,133,47,23,6.827354668,4.0
Jenin,Cotton,126,38,23,6.176716425,3.71
Jenin,Cotton,126,50,19,6.6287228360000015,4.01
Jenin,Cotton,113,41,20,7.256877571,4.32
Jenin,Cotton,121,45,22,6.443785385,3.72
Jenin,Cotton,121,47,16,7.7232401510000015,3.62
Jenin,Cotton,129,60,22,5.947448589,4.73
Jenin,Cotton,107,45,25,7.2277455160000015,4.05
Jenin,Cotton,122,59,18,6.219469084,4.3
Jenin,Cotton,140,38,15,6.021439523,4.05
Jenin,Cotton,102,49,21,6.253343655,3.67
Jenin,Cotton,111,40,25,6.187455798999999,4.25
Jenin,Cotton,131,35,18,7.0576933660000005,3.6
Jenin,Cotton,135,43,16,6.720449769,3.56
Jenin,Cotton,100,46,18,6.4316895060000006,4.12
Jenin,Cotton,123,39,24,7.453106264,4.13
Jenin,Cotton,117,56,15,7.368258226,4.3
Jenin,Cotton,121,36,24,7.352401887,4.25
Jenin,Cotton,101,58,18,6.652143699,4.09
Jenin,Cotton,107,42,24,6.144631795,3.66
Jenin,Cotton,100,41,22,7.318802162000001,3.56
Jenin,Cotton,125,39,21,7.954629324,4.23
Jenin,Cotton,105,60,23,6.207652157,4.55
Jenin,Cotton,102,46,19,6.631005298,4.31
Jenin,Cotton,131,49,22,7.306918817000001,3.54
Jenin,Cotton,139,35,15,5.898293044,3.83
Jenin,Cotton,108,36,19,7.238566893,4.27
Jenin,Cotton,118,45,23,7.977651226,4.21
Jenin,Cotton,107,51,22,5.983075895,4.79
Jenin,Cotton,125,60,17,6.785723961,4.59
Jenin,Cotton,113,37,20,7.393441155,4.43
Jenin,Cotton,131,52,16,6.486068274,4.54
Jenin,Cotton,115,48,16,7.175934962,3.58
Jenin,Cotton,113,38,25,7.388265887999999,3.9
Jenin,Cotton,111,41,18,6.10539819,4.04
Jenin,Cotton,111,53,19,6.419536555,4.9
Jenin,Cotton,122,48,16,6.307585854,4.33
Jenin,Cotton,108,46,17,6.93221485,3.74
Jenin,Cotton,132,41,22,7.810865753,3.79
Jenin,Cotton,103,42,17,6.527541661,3.58
Jenin,Cotton,133,50,25,7.569454601,3.79
Jenin,Cotton,127,37,18,7.041065585,4.48
Jenin,Cotton,110,39,25,7.208795456,3.77
Jenin,Cotton,131,38,19,6.814341946,3.57
Jenin,Cotton,108,38,24,7.442217061,4.43
Jenin,Cotton,122,40,17,6.854558957,4.43
Jenin,Cotton,111,50,15,7.884550475,3.71
Jenin,Cotton,140,40,17,6.006085786,3.99
Jenin,Cotton,100,40,20,7.432043735,3.8
Jenin,Cotton,123,50,16,6.498052108,4.03
Jenin,Cotton,107,36,21,6.205263534,3.9
Jenin,Cotton,118,50,19,6.360812227,3.89
Jenin,Cotton,103,51,20,7.0466074339999984,4.34
Jenin,Cotton,133,57,19,7.947011366,4.85
Jenin,Cotton,129,47,20,6.281913857999999,4.32
Jenin,Cotton,116,52,19,6.114525877,4.33
Jenin,Cotton,114,40,23,6.7539780610000015,4.17
Jenin,Cotton,131,60,17,7.4250413160000015,4.45
Jenin,Cotton,107,43,18,6.745104394,3.54
Jenin,Cotton,123,44,21,7.6411165689999985,3.9
Jenin,Cotton,112,49,25,6.470135478,3.62
Jenin,Cotton,119,44,15,7.091992365,3.92
Jenin,Cotton,130,59,19,6.520403794,4.81
Jenin,Cotton,127,53,24,6.127939627999999,4.51
Jenin,Cotton,134,52,18,7.994679507000001,4.46
Jenin,Cotton,109,36,18,7.524707577,4.25
Jenin,Cotton,100,48,17,7.827877817999999,4.22
Jenin,Cotton,132,52,19,6.436691764,4.46
Jenin,Cotton,102,37,25,5.907930899,3.71
Jenin,Cotton,111,39,22,6.135025006,4.33
Jenin,Cotton,117,51,15,6.044556594,4.43
Jenin,Cotton,136,36,24,7.59781958,4.29
Jenin,Cotton,134,56,18,6.691268104,4.03
Jenin,Cotton,112,54,15,6.1754923060000015,4.41
Jenin,Cotton,105,56,15,7.272316208999999,4.94
Jenin,Cotton,140,45,15,5.801047545,3.68
Jenin,Cotton,126,46,25,6.757457943,3.51
Jenin,Cotton,106,49,24,6.983395572999999,3.81
Jenin,Cotton,121,53,19,7.976889497999999,4.61
Jenin,Cotton,108,60,17,6.558902588,4.71
Jenin,Cotton,116,56,17,7.979090365,4.72
Jenin,Cotton,100,52,19,7.903528672999999,4.34
Jenin,Cotton,129,43,16,6.73210948,3.92
Jenin,Cotton,118,44,23,6.6916904760000016,3.97
Jenin,Cotton,117,43,25,7.839849298,3.86
Jenin,Cotton,126,37,21,6.61448588,4.0
Jenin,Cotton,120,48,16,7.456971816,4.09
Jenin,Cotton,102,45,16,7.2942193,3.5
Jenin,Cotton,131,56,20,7.762647875,4.98
Jenin,Cotton,114,40,17,6.363406102000001,3.57
Jenin,Cotton,101,37,18,7.63737841,3.98
Jenin,Cotton,106,46,20,6.2006719760000015,3.89
Jenin,Cotton,113,38,20,6.364729934,4.27
Jenin,Cotton,102,53,21,6.913678684,4.5
Jenin,Cotton,110,39,18,7.766259768999999,4.32
Jenin,Cotton,107,58,15,7.55606399,4.29
Jenin,Cotton,120,60,15,7.288377241,4.56
