Date,Crop,Price,Demand_Ton
2020-01-01,Maize,9.38,595.5
2020-01-08,Maize,8.78,593.88
2020-01-15,Maize,11.04,471.43
2020-01-22,Maize,9.06,599.23
2020-01-29,Maize,9.94,517.32
2020-02-05,Maize,11.45,338.11
2020-02-12,Maize,10.52,401.73
2020-02-19,Maize,10.24,423.45
2020-02-26,Maize,10.58,530.13
2020-03-04,Maize,11.22,514.91
2020-03-11,Maize,10.25,409.8
2020-03-18,Maize,11.96,413.77
2020-03-25,Maize,10.22,416.62
2020-04-01,Maize,9.3,525.88
2020-04-08,Maize,9.57,435.63
2020-04-15,Maize,11.55,452.69
2020-04-22,Maize,9.73,601.17
2020-04-29,Maize,10.57,478.81
2020-05-06,Maize,10.8,558.01
2020-05-13,Maize,10.81,547.24
2020-05-20,Maize,11.26,374.38
2020-05-27,Maize,8.89,488.97
2020-06-03,Maize,11.28,387.92
2020-06-10,Maize,11.03,500.07
2020-06-17,Maize,8.81,616.23
2020-06-24,Maize,11.46,431.44
2020-07-01,Maize,10.76,422.64
2020-07-08,Maize,8.53,550.3
2020-07-15,Maize,11.99,492.64
2020-07-22,Maize,11.94,345.06
2020-07-29,Maize,11.51,441.05
2020-08-05,Maize,10.59,426.43
2020-08-12,Maize,11.95,325.13
2020-08-19,Maize,9.07,624.2
2020-08-26,Maize,8.46,496.92
2020-09-02,Maize,11.3,448.65
2020-09-09,Maize,10.98,433.21
2020-09-16,Maize,11.49,354.78
2020-09-23,Maize,8.81,635.05
2020-09-30,Maize,11.13,519.67
2020-10-07,Maize,10.98,355.39
2020-10-14,Maize,9.71,537.99
2020-10-21,Maize,10.52,411.88
2020-10-28,Maize,8.17,626.04
2020-11-04,Maize,10.41,474.77
2020-11-11,Maize,8.19,670.96
2020-11-18,Maize,10.64,413.27
2020-11-25,Maize,8.55,545.19
2020-12-02,Maize,8.57,569.82
2020-12-09,Maize,10.24,559.38
2020-12-16,Maize,11.35,391.24
2020-12-23,Maize,9.56,580.37
2020-12-30,Maize,8.96,498.25
2021-01-06,Maize,8.77,615.14
2021-01-13,Maize,11.57,420.65
2021-01-20,Maize,10.3,453.95
2021-01-27,Maize,8.59,635.77
2021-02-03,Maize,10.31,486.78
2021-02-10,Maize,9.19,563.25
2021-02-17,Maize,9.01,549.51
2021-02-24,Maize,8.02,575.52
2021-03-03,Maize,9.3,600.77
2021-03-10,Maize,11.63,337.11
2021-03-17,Maize,8.36,667.63
2021-03-24,Maize,10.14,517.51
2021-03-31,Maize,9.99,586.1
2021-04-07,Maize,11.8,427.51
2021-04-14,Maize,9.88,547.89
2021-04-21,Maize,8.82,567.67
2021-04-28,Maize,11.13,370.84
2021-05-05,Maize,8.77,586.67
2021-05-12,Maize,11.56,396.45
2021-05-19,Maize,9.7,559.21
2021-05-26,Maize,8.37,617.91
2021-06-02,Maize,8.95,518.99
2021-06-09,Maize,11.08,407.14
2021-06-16,Maize,9.44,608.88
2021-06-23,Maize,11.58,508.83
2021-06-30,Maize,10.13,561.43
2021-07-07,Maize,10.18,409.32
2021-07-14,Maize,11.17,476.57
2021-07-21,Maize,11.57,420.37
2021-07-28,Maize,10.69,543.18
2021-08-04,Maize,10.25,521.86
2021-08-11,Maize,9.57,458.32
2021-08-18,Maize,8.04,669.13
2021-08-25,Maize,10.93,394.36
2021-09-01,Maize,11.71,420.83
2021-09-08,Maize,9.44,622.91
2021-09-15,Maize,9.51,565.35
2021-09-22,Maize,8.06,543.74
2021-09-29,Maize,10.61,426.77
2021-10-06,Maize,10.96,465.39
2021-10-13,Maize,9.59,577.88
2021-10-20,Maize,8.95,475.19
2021-10-27,Maize,11.84,374.27
2021-11-03,Maize,11.13,444.27
2021-11-10,Maize,8.65,539.59
2021-11-17,Maize,11.92,363.64
2021-11-24,Maize,9.79,434.79
2021-12-01,Maize,10.46,405.46
2021-12-08,Maize,10.77,511.39
2021-12-15,Maize,8.87,562.12
2021-12-22,Maize,9.05,549.0
2021-12-29,Maize,9.21,599.46
2022-01-05,Maize,11.29,534.85
2022-01-12,Maize,10.42,489.1
2022-01-19,Maize,10.95,358.13
2022-01-26,Maize,9.86,588.05
2022-02-02,Maize,9.74,566.2
2022-02-09,Maize,11.31,431.36
2022-02-16,Maize,10.32,445.11
2022-02-23,Maize,11.43,536.61
2022-03-02,Maize,8.36,672.35
2022-03-09,Maize,9.73,462.43
2022-03-16,Maize,9.62,518.77
2022-03-23,Maize,9.29,626.6
2022-03-30,Maize,9.32,518.39
2022-04-06,Maize,8.17,591.33
2022-04-13,Maize,10.96,380.38
2022-04-20,Maize,9.12,597.52
2022-04-27,Maize,11.76,360.08
2022-05-04,Maize,11.38,363.85
2022-05-11,Maize,10.67,380.53
2022-05-18,Maize,11.14,531.43
2022-05-25,Maize,9.91,456.58
2022-06-01,Maize,11.99,391.33
2022-06-08,Maize,10.48,488.25
2022-06-15,Maize,10.91,532.39
2022-06-22,Maize,8.09,560.35
2022-06-29,Maize,9.4,469.08
2022-07-06,Maize,11.23,395.59
2022-07-13,Maize,9.04,576.31
2022-07-20,Maize,11.04,468.72
2022-07-27,Maize,11.37,347.54
2022-08-03,Maize,8.88,584.12
2022-08-10,Maize,10.39,567.26
2022-08-17,Maize,8.71,522.26
2022-08-24,Maize,9.28,503.02
2022-08-31,Maize,9.94,598.55
2022-09-07,Maize,10.61,495.9
2022-09-14,Maize,9.13,512.28
2022-09-21,Maize,10.16,539.98
2022-09-28,Maize,11.54,398.73
2022-10-05,Maize,11.48,439.6
2022-10-12,Maize,11.99,492.38
2022-10-19,Maize,10.21,396.61
2022-10-26,Maize,11.68,439.38
2022-11-02,Maize,8.99,648.69
2022-11-09,Maize,10.27,438.13
2022-11-16,Maize,11.37,351.18
2022-11-23,Maize,11.72,516.12
2022-11-30,Maize,10.91,395.35
2022-12-07,Maize,10.62,386.06
2022-12-14,Maize,9.6,521.74
2022-12-21,Maize,11.48,469.2
2022-12-28,Maize,9.77,412.54
2023-01-04,Maize,10.04,572.85
2023-01-11,Maize,9.29,595.24
2023-01-18,Maize,10.11,476.07
2023-01-25,Maize,10.96,553.52
2023-02-01,Maize,10.51,411.47
2023-02-08,Maize,11.94,333.92
2023-02-15,Maize,11.79,492.11
2023-02-22,Maize,10.27,398.2
2023-03-01,Maize,10.92,525.73
2023-03-08,Maize,10.32,545.9
2023-03-15,Maize,9.85,458.17
2023-03-22,Maize,10.54,503.47
2023-03-29,Maize,8.61,591.7
2023-04-05,Maize,10.97,375.32
2023-04-12,Maize,11.22,484.54
2023-04-19,Maize,11.22,462.17
2023-04-26,Maize,10.75,444.51
2023-05-03,Maize,11.08,537.35
2023-05-10,Maize,8.2,671.07
2023-05-17,Maize,9.99,515.66
2023-05-24,Maize,10.26,553.7
2023-05-31,Maize,11.04,463.55
2023-06-07,Maize,8.27,522.25
2023-06-14,Maize,8.91,601.85
2023-06-21,Maize,8.34,593.2
2023-06-28,Maize,9.07,482.81
2023-07-05,Maize,11.03,363.69
2023-07-12,Maize,11.42,504.34
2023-07-19,Maize,10.04,523.06
2023-07-26,Maize,8.2,599.67
2023-08-02,Maize,8.37,620.35
2023-08-09,Maize,8.8,530.18
2023-08-16,Maize,9.37,630.83
2023-08-23,Maize,9.1,505.31
2023-08-30,Maize,8.02,551.96
2023-09-06,Maize,9.36,507.52
2023-09-13,Maize,9.19,628.43
2023-09-20,Maize,10.47,525.36
2023-09-27,Maize,10.9,477.55
2023-10-04,Maize,8.51,606.53
2023-10-11,Maize,11.3,470.94
2023-10-18,Maize,11.36,507.07
2023-10-25,Maize,9.13,453.21
2023-11-01,Maize,11.31,423.59
2023-11-08,Maize,9.47,581.11
2023-11-15,Maize,11.84,438.73
2023-11-22,Maize,9.61,553.34
2023-11-29,Maize,8.35,614.79
2023-12-06,Maize,12.0,369.32
2023-12-13,Maize,10.68,519.19
2023-12-20,Maize,9.97,541.56
2020-01-01,Chickpea,8.61,629.11
2020-01-08,Chickpea,9.85,592.1
2020-01-15,Chickpea,9.3,614.53
2020-01-22,Chickpea,8.2,647.3
2020-01-29,Chickpea,8.27,551.8
2020-02-05,Chickpea,9.29,496.24
2020-02-12,Chickpea,11.53,333.65
2020-02-19,Chickpea,9.75,447.44
2020-02-26,Chickpea,8.96,493.14
2020-03-04,Chickpea,10.79,559.43
2020-03-11,Chickpea,11.07,372.1
2020-03-18,Chickpea,10.46,527.45
2020-03-25,Chickpea,8.47,560.38
2020-04-01,Chickpea,9.66,427.47
2020-04-08,Chickpea,9.35,562.84
2020-04-15,Chickpea,10.11,431.18
2020-04-22,Chickpea,11.73,369.05
2020-04-29,Chickpea,9.91,442.59
2020-05-06,Chickpea,10.84,500.62
2020-05-13,Chickpea,9.81,537.68
2020-05-20,Chickpea,8.93,629.1
2020-05-27,Chickpea,10.28,416.99
2020-06-03,Chickpea,8.48,670.58
2020-06-10,Chickpea,8.12,690.21
2020-06-17,Chickpea,9.43,451.79
2020-06-24,Chickpea,11.25,493.37
2020-07-01,Chickpea,11.61,402.86
2020-07-08,Chickpea,11.37,504.69
2020-07-15,Chickpea,8.91,516.47
2020-07-22,Chickpea,11.85,457.31
2020-07-29,Chickpea,9.03,473.24
2020-08-05,Chickpea,10.26,476.96
2020-08-12,Chickpea,9.42,576.14
2020-08-19,Chickpea,10.11,519.3
2020-08-26,Chickpea,8.92,580.94
2020-09-02,Chickpea,9.61,469.88
2020-09-09,Chickpea,10.94,430.84
2020-09-16,Chickpea,10.8,428.96
2020-09-23,Chickpea,10.44,386.24
2020-09-30,Chickpea,10.31,473.75
2020-10-07,Chickpea,10.74,500.48
2020-10-14,Chickpea,11.86,390.97
2020-10-21,Chickpea,11.95,397.85
2020-10-28,Chickpea,10.39,485.23
2020-11-04,Chickpea,10.5,479.85
2020-11-11,Chickpea,9.38,587.86
2020-11-18,Chickpea,8.95,527.26
2020-11-25,Chickpea,8.91,612.71
2020-12-02,Chickpea,10.3,442.72
2020-12-09,Chickpea,8.79,538.08
2020-12-16,Chickpea,11.24,397.93
2020-12-23,Chickpea,11.69,447.03
2020-12-30,Chickpea,11.17,457.2
2021-01-06,Chickpea,9.93,575.01
2021-01-13,Chickpea,10.23,479.84
2021-01-20,Chickpea,10.72,373.39
2021-01-27,Chickpea,11.76,359.76
2021-02-03,Chickpea,9.36,482.55
2021-02-10,Chickpea,10.55,401.94
2021-02-17,Chickpea,11.63,354.15
2021-02-24,Chickpea,10.39,525.79
2021-03-03,Chickpea,11.27,458.98
2021-03-10,Chickpea,8.08,679.62
2021-03-17,Chickpea,9.56,434.32
2021-03-24,Chickpea,11.89,389.96
2021-03-31,Chickpea,11.19,538.06
2021-04-07,Chickpea,11.3,507.24
2021-04-14,Chickpea,9.52,579.44
2021-04-21,Chickpea,10.04,452.97
2021-04-28,Chickpea,9.86,435.96
2021-05-05,Chickpea,10.85,505.94
2021-05-12,Chickpea,10.36,436.56
2021-05-19,Chickpea,10.56,376.91
2021-05-26,Chickpea,11.77,403.8
2021-06-02,Chickpea,10.32,555.95
2021-06-09,Chickpea,10.96,372.94
2021-06-16,Chickpea,11.65,510.02
2021-06-23,Chickpea,11.11,476.45
2021-06-30,Chickpea,10.54,430.29
2021-07-07,Chickpea,11.51,394.92
2021-07-14,Chickpea,11.23,432.38
2021-07-21,Chickpea,11.42,396.09
2021-07-28,Chickpea,8.77,585.82
2021-08-04,Chickpea,8.92,467.93
2021-08-11,Chickpea,10.11,410.82
2021-08-18,Chickpea,8.26,689.71
2021-08-25,Chickpea,10.35,572.49
2021-09-01,Chickpea,8.77,488.18
2021-09-08,Chickpea,11.04,447.1
2021-09-15,Chickpea,11.74,486.03
2021-09-22,Chickpea,11.95,482.79
2021-09-29,Chickpea,11.11,409.94
2021-10-06,Chickpea,10.91,520.91
2021-10-13,Chickpea,8.99,542.52
2021-10-20,Chickpea,8.69,490.01
2021-10-27,Chickpea,9.87,537.06
2021-11-03,Chickpea,8.26,585.5
2021-11-10,Chickpea,11.88,361.38
2021-11-17,Chickpea,9.14,553.54
2021-11-24,Chickpea,9.51,588.68
2021-12-01,Chickpea,9.86,501.06
2021-12-08,Chickpea,10.61,519.92
2021-12-15,Chickpea,9.34,439.88
2021-12-22,Chickpea,11.38,437.29
2021-12-29,Chickpea,11.61,478.19
2022-01-05,Chickpea,10.18,468.61
2022-01-12,Chickpea,10.68,479.49
2022-01-19,Chickpea,8.5,658.87
2022-01-26,Chickpea,9.07,632.87
2022-02-02,Chickpea,8.67,587.64
2022-02-09,Chickpea,11.5,476.04
2022-02-16,Chickpea,9.28,577.03
2022-02-23,Chickpea,11.28,535.01
2022-03-02,Chickpea,10.77,389.98
2022-03-09,Chickpea,10.08,568.54
2022-03-16,Chickpea,12.0,372.27
2022-03-23,Chickpea,9.61,423.57
2022-03-30,Chickpea,11.37,447.35
2022-04-06,Chickpea,8.78,563.01
2022-04-13,Chickpea,8.99,572.38
2022-04-20,Chickpea,8.16,617.19
2022-04-27,Chickpea,11.37,450.42
2022-05-04,Chickpea,9.23,619.16
2022-05-11,Chickpea,11.29,401.61
2022-05-18,Chickpea,9.89,493.42
2022-05-25,Chickpea,10.77,554.17
2022-06-01,Chickpea,11.58,499.56
2022-06-08,Chickpea,9.77,492.05
2022-06-15,Chickpea,8.48,512.05
2022-06-22,Chickpea,9.48,512.89
2022-06-29,Chickpea,8.35,509.03
2022-07-06,Chickpea,8.73,503.9
2022-07-13,Chickpea,9.73,589.2
2022-07-20,Chickpea,8.67,490.49
2022-07-27,Chickpea,8.87,497.62
2022-08-03,Chickpea,11.09,363.82
2022-08-10,Chickpea,9.16,477.19
2022-08-17,Chickpea,8.01,715.01
2022-08-24,Chickpea,9.61,603.61
2022-08-31,Chickpea,11.11,446.56
2022-09-07,Chickpea,8.48,563.14
2022-09-14,Chickpea,11.76,396.74
2022-09-21,Chickpea,9.07,614.93
2022-09-28,Chickpea,11.21,464.94
2022-10-05,Chickpea,8.95,603.45
2022-10-12,Chickpea,11.18,371.46
2022-10-19,Chickpea,10.07,522.05
2022-10-26,Chickpea,9.12,630.0
2022-11-02,Chickpea,8.76,641.47
2022-11-09,Chickpea,11.02,551.55
2022-11-16,Chickpea,9.5,576.93
2022-11-23,Chickpea,9.44,627.51
2022-11-30,Chickpea,9.81,608.88
2022-12-07,Chickpea,10.21,495.05
2022-12-14,Chickpea,9.98,540.76
2022-12-21,Chickpea,8.99,531.94
2022-12-28,Chickpea,8.88,609.8
2023-01-04,Chickpea,11.18,353.29
2023-01-11,Chickpea,10.72,552.06
2023-01-18,Chickpea,9.45,480.08
2023-01-25,Chickpea,11.11,368.58
2023-02-01,Chickpea,11.9,346.32
2023-02-08,Chickpea,8.39,647.67
2023-02-15,Chickpea,9.35,616.05
2023-02-22,Chickpea,10.26,573.24
2023-03-01,Chickpea,11.39,436.57
2023-03-08,Chickpea,10.03,521.31
2023-03-15,Chickpea,9.93,473.85
2023-03-22,Chickpea,10.99,487.16
2023-03-29,Chickpea,10.89,473.53
2023-04-05,Chickpea,11.41,376.36
2023-04-12,Chickpea,11.68,468.14
2023-04-19,Chickpea,10.16,457.23
2023-04-26,Chickpea,8.26,507.11
2023-05-03,Chickpea,10.23,491.15
2023-05-10,Chickpea,8.22,613.97
2023-05-17,Chickpea,8.19,579.09
2023-05-24,Chickpea,8.14,618.84
2023-05-31,Chickpea,10.17,533.35
2023-06-07,Chickpea,8.8,665.97
2023-06-14,Chickpea,11.95,444.74
2023-06-21,Chickpea,9.0,511.59
2023-06-28,Chickpea,9.52,501.35
2023-07-05,Chickpea,9.63,480.54
2023-07-12,Chickpea,8.19,639.39
2023-07-19,Chickpea,8.25,701.85
2023-07-26,Chickpea,10.29,582.87
2023-08-02,Chickpea,9.57,530.5
2023-08-09,Chickpea,10.74,543.3
2023-08-16,Chickpea,10.89,541.55
2023-08-23,Chickpea,9.81,605.9
2023-08-30,Chickpea,9.31,622.49
2023-09-06,Chickpea,11.37,440.46
2023-09-13,Chickpea,9.27,506.48
2023-09-20,Chickpea,11.97,466.07
2023-09-27,Chickpea,10.92,502.75
2023-10-04,Chickpea,11.76,334.4
2023-10-11,Chickpea,8.1,649.68
2023-10-18,Chickpea,8.16,577.02
2023-10-25,Chickpea,9.12,589.77
2023-11-01,Chickpea,11.2,366.69
2023-11-08,Chickpea,11.66,378.24
2023-11-15,Chickpea,8.39,611.12
2023-11-22,Chickpea,8.55,566.39
2023-11-29,Chickpea,11.92,488.12
2023-12-06,Chickpea,11.02,489.51
2023-12-13,Chickpea,10.78,523.35
2023-12-20,Chickpea,11.02,549.76
2020-01-01,Lentil,10.21,518.55
2020-01-08,Lentil,10.5,466.19
2020-01-15,Lentil,9.5,444.08
2020-01-22,Lentil,10.18,541.7
2020-01-29,Lentil,10.27,494.69
2020-02-05,Lentil,11.56,356.18
2020-02-12,Lentil,10.66,428.74
2020-02-19,Lentil,11.68,368.11
2020-02-26,Lentil,9.34,614.49
2020-03-04,Lentil,10.42,428.79
2020-03-11,Lentil,10.38,488.54
2020-03-18,Lentil,9.44,537.18
2020-03-25,Lentil,11.35,498.01
2020-04-01,Lentil,8.67,579.51
2020-04-08,Lentil,10.36,451.35
2020-04-15,Lentil,9.28,627.95
2020-04-22,Lentil,8.81,542.49
2020-04-29,Lentil,11.59,452.17
2020-05-06,Lentil,8.07,587.76
2020-05-13,Lentil,11.54,423.29
2020-05-20,Lentil,9.03,584.05
2020-05-27,Lentil,8.3,630.91
2020-06-03,Lentil,9.42,616.71
2020-06-10,Lentil,10.51,386.8
2020-06-17,Lentil,11.84,459.25
2020-06-24,Lentil,10.45,427.41
2020-07-01,Lentil,10.0,519.14
2020-07-08,Lentil,9.97,434.87
2020-07-15,Lentil,8.44,553.34
2020-07-22,Lentil,10.24,555.24
2020-07-29,Lentil,8.67,563.99
2020-08-05,Lentil,8.33,518.11
2020-08-12,Lentil,9.39,527.08
2020-08-19,Lentil,10.68,440.69
2020-08-26,Lentil,8.84,469.17
2020-09-02,Lentil,9.12,513.29
2020-09-09,Lentil,10.44,511.23
2020-09-16,Lentil,9.54,431.11
2020-09-23,Lentil,8.33,508.09
2020-09-30,Lentil,10.95,530.14
2020-10-07,Lentil,11.53,460.98
2020-10-14,Lentil,10.82,434.11
2020-10-21,Lentil,9.96,508.55
2020-10-28,Lentil,10.58,481.48
2020-11-04,Lentil,11.08,413.69
2020-11-11,Lentil,8.73,532.77
2020-11-18,Lentil,9.04,520.67
2020-11-25,Lentil,10.31,523.97
2020-12-02,Lentil,8.35,666.98
2020-12-09,Lentil,8.66,670.64
2020-12-16,Lentil,10.69,416.19
2020-12-23,Lentil,10.95,460.7
2020-12-30,Lentil,9.63,535.45
2021-01-06,Lentil,11.17,438.38
2021-01-13,Lentil,10.25,475.5
2021-01-20,Lentil,8.67,669.97
2021-01-27,Lentil,8.65,659.0
2021-02-03,Lentil,8.64,599.16
2021-02-10,Lentil,8.09,581.1
2021-02-17,Lentil,8.52,503.5
2021-02-24,Lentil,11.64,330.1
2021-03-03,Lentil,8.62,578.06
2021-03-10,Lentil,10.5,565.46
2021-03-17,Lentil,8.98,580.2
2021-03-24,Lentil,10.89,547.0
2021-03-31,Lentil,11.58,515.83
2021-04-07,Lentil,8.04,587.06
2021-04-14,Lentil,9.3,529.34
2021-04-21,Lentil,9.74,548.96
2021-04-28,Lentil,10.54,541.56
2021-05-05,Lentil,9.66,568.07
2021-05-12,Lentil,11.86,359.74
2021-05-19,Lentil,9.81,471.63
2021-05-26,Lentil,10.36,577.67
2021-06-02,Lentil,10.02,511.28
2021-06-09,Lentil,11.9,323.75
2021-06-16,Lentil,8.26,673.01
2021-06-23,Lentil,11.99,354.94
2021-06-30,Lentil,9.44,464.73
2021-07-07,Lentil,9.27,471.11
2021-07-14,Lentil,8.5,640.86
2021-07-21,Lentil,10.73,511.65
2021-07-28,Lentil,10.13,533.08
2021-08-04,Lentil,10.39,424.29
2021-08-11,Lentil,11.11,356.32
2021-08-18,Lentil,8.02,675.63
2021-08-25,Lentil,11.08,396.18
2021-09-01,Lentil,8.98,503.54
2021-09-08,Lentil,10.25,424.76
2021-09-15,Lentil,8.26,618.17
2021-09-22,Lentil,11.16,518.05
2021-09-29,Lentil,8.6,659.74
2021-10-06,Lentil,8.77,518.97
2021-10-13,Lentil,11.29,512.85
2021-10-20,Lentil,8.24,604.06
2021-10-27,Lentil,9.78,500.41
2021-11-03,Lentil,11.59,455.79
2021-11-10,Lentil,11.11,529.58
2021-11-17,Lentil,11.36,496.77
2021-11-24,Lentil,9.08,616.04
2021-12-01,Lentil,8.27,662.03
2021-12-08,Lentil,9.72,436.94
2021-12-15,Lentil,11.84,451.68
2021-12-22,Lentil,10.13,545.2
2021-12-29,Lentil,8.13,520.05
2022-01-05,Lentil,9.5,575.97
2022-01-12,Lentil,10.4,408.07
2022-01-19,Lentil,11.23,544.26
2022-01-26,Lentil,8.84,663.68
2022-02-02,Lentil,10.58,401.9
2022-02-09,Lentil,8.24,595.37
2022-02-16,Lentil,10.44,394.2
2022-02-23,Lentil,8.21,626.05
2022-03-02,Lentil,10.66,415.63
2022-03-09,Lentil,9.09,618.62
2022-03-16,Lentil,10.98,405.5
2022-03-23,Lentil,9.25,545.28
2022-03-30,Lentil,11.75,378.89
2022-04-06,Lentil,10.32,506.42
2022-04-13,Lentil,11.9,502.44
2022-04-20,Lentil,9.86,570.17
2022-04-27,Lentil,10.84,384.31
2022-05-04,Lentil,11.21,409.14
2022-05-11,Lentil,9.42,522.16
2022-05-18,Lentil,10.23,453.07
2022-05-25,Lentil,10.17,589.54
2022-06-01,Lentil,11.83,501.15
2022-06-08,Lentil,11.16,484.2
2022-06-15,Lentil,8.33,607.56
2022-06-22,Lentil,11.07,532.03
2022-06-29,Lentil,9.32,442.64
2022-07-06,Lentil,8.08,677.53
2022-07-13,Lentil,11.87,351.8
2022-07-20,Lentil,9.22,515.3
2022-07-27,Lentil,10.92,487.86
2022-08-03,Lentil,9.32,592.6
2022-08-10,Lentil,11.22,484.04
2022-08-17,Lentil,10.37,432.25
2022-08-24,Lentil,10.63,425.14
2022-08-31,Lentil,11.38,514.56
2022-09-07,Lentil,9.78,482.58
2022-09-14,Lentil,10.19,504.53
2022-09-21,Lentil,10.92,360.66
2022-09-28,Lentil,10.14,458.32
2022-10-05,Lentil,10.14,446.99
2022-10-12,Lentil,10.63,420.9
2022-10-19,Lentil,10.92,395.33
2022-10-26,Lentil,10.5,551.44
2022-11-02,Lentil,8.32,554.28
2022-11-09,Lentil,9.37,536.11
2022-11-16,Lentil,9.1,457.5
2022-11-23,Lentil,8.89,591.26
2022-11-30,Lentil,9.05,624.87
2022-12-07,Lentil,10.77,505.55
2022-12-14,Lentil,8.18,632.06
2022-12-21,Lentil,9.85,409.6
2022-12-28,Lentil,9.68,602.44
2023-01-04,Lentil,9.96,435.91
2023-01-11,Lentil,8.21,697.17
2023-01-18,Lentil,11.59,354.98
2023-01-25,Lentil,10.54,397.78
2023-02-01,Lentil,8.64,514.48
2023-02-08,Lentil,8.51,505.47
2023-02-15,Lentil,10.86,365.71
2023-02-22,Lentil,9.84,570.8
2023-03-01,Lentil,10.19,412.74
2023-03-08,Lentil,10.33,494.64
2023-03-15,Lentil,10.89,378.47
2023-03-22,Lentil,8.12,677.46
2023-03-29,Lentil,9.47,516.04
2023-04-05,Lentil,9.91,587.77
2023-04-12,Lentil,11.93,415.99
2023-04-19,Lentil,8.32,677.53
2023-04-26,Lentil,11.18,500.5
2023-05-03,Lentil,9.52,529.48
2023-05-10,Lentil,9.53,595.84
2023-05-17,Lentil,8.42,601.93
2023-05-24,Lentil,11.29,496.72
2023-05-31,Lentil,9.91,537.38
2023-06-07,Lentil,11.18,450.21
2023-06-14,Lentil,11.3,416.74
2023-06-21,Lentil,10.26,437.63
2023-06-28,Lentil,9.51,615.4
2023-07-05,Lentil,10.07,507.36
2023-07-12,Lentil,8.21,652.41
2023-07-19,Lentil,11.5,394.19
2023-07-26,Lentil,11.88,428.08
2023-08-02,Lentil,8.35,586.21
2023-08-09,Lentil,10.97,488.13
2023-08-16,Lentil,8.17,648.42
2023-08-23,Lentil,10.12,422.0
2023-08-30,Lentil,9.94,595.27
2023-09-06,Lentil,10.04,532.68
2023-09-13,Lentil,10.4,451.4
2023-09-20,Lentil,9.08,602.34
2023-09-27,Lentil,11.63,374.67
2023-10-04,Lentil,8.67,579.03
2023-10-11,Lentil,11.06,516.95
2023-10-18,Lentil,8.4,543.54
2023-10-25,Lentil,10.42,457.43
2023-11-01,Lentil,8.12,520.54
2023-11-08,Lentil,10.26,433.95
2023-11-15,Lentil,9.71,489.37
2023-11-22,Lentil,11.31,380.21
2023-11-29,Lentil,10.39,544.54
2023-12-06,Lentil,11.27,368.77
2023-12-13,Lentil,11.8,420.03
2023-12-20,Lentil,10.18,530.04
2020-01-01,Banana,11.98,457.62
2020-01-08,Banana,10.07,458.65
2020-01-15,Banana,12.55,472.59
2020-01-22,Banana,9.92,455.42
2020-01-29,Banana,10.83,400.23
2020-02-05,Banana,10.97,539.13
2020-02-12,Banana,14.32,438.39
2020-02-19,Banana,13.61,331.88
2020-02-26,Banana,12.75,422.83
2020-03-04,Banana,12.83,332.16
2020-03-11,Banana,11.68,462.5
2020-03-18,Banana,13.9,297.13
2020-03-25,Banana,13.01,325.16
2020-04-01,Banana,14.06,302.58
2020-04-08,Banana,12.37,368.97
2020-04-15,Banana,12.0,481.13
2020-04-22,Banana,12.49,382.96
2020-04-29,Banana,12.65,298.06
2020-05-06,Banana,11.24,364.87
2020-05-13,Banana,9.65,448.01
2020-05-20,Banana,10.2,423.68
2020-05-27,Banana,12.64,409.16
2020-06-03,Banana,9.06,479.8
2020-06-10,Banana,8.27,561.52
2020-06-17,Banana,9.23,610.33
2020-06-24,Banana,10.54,502.39
2020-07-01,Banana,8.24,611.3
2020-07-08,Banana,8.34,581.33
2020-07-15,Banana,9.22,510.05
2020-07-22,Banana,7.35,599.55
2020-07-29,Banana,6.8,781.52
2020-08-05,Banana,6.93,634.55
2020-08-12,Banana,6.77,751.23
2020-08-19,Banana,8.23,569.5
2020-08-26,Banana,7.39,620.79
2020-09-02,Banana,5.03,937.03
2020-09-09,Banana,8.33,523.43
2020-09-16,Banana,8.53,540.77
2020-09-23,Banana,8.62,486.1
2020-09-30,Banana,8.92,632.49
2020-10-07,Banana,6.21,721.96
2020-10-14,Banana,6.18,798.01
2020-10-21,Banana,7.82,716.2
2020-10-28,Banana,5.6,929.35
2020-11-04,Banana,9.24,566.69
2020-11-11,Banana,8.05,545.18
2020-11-18,Banana,10.36,475.56
2020-11-25,Banana,7.47,626.25
2020-12-02,Banana,10.32,437.88
2020-12-09,Banana,9.17,518.21
2020-12-16,Banana,11.01,458.24
2020-12-23,Banana,8.34,620.31
2020-12-30,Banana,9.55,545.63
2021-01-06,Banana,11.05,451.03
2021-01-13,Banana,13.04,291.98
2021-01-20,Banana,11.99,489.43
2021-01-27,Banana,9.69,600.85
2021-02-03,Banana,11.42,483.71
2021-02-10,Banana,14.5,407.76
2021-02-17,Banana,10.62,378.57
2021-02-24,Banana,12.96,345.78
2021-03-03,Banana,14.43,312.23
2021-03-10,Banana,11.15,423.18
2021-03-17,Banana,12.96,424.72
2021-03-24,Banana,13.35,469.47
2021-03-31,Banana,14.06,335.42
2021-04-07,Banana,14.56,372.71
2021-04-14,Banana,10.7,416.24
2021-04-21,Banana,11.9,505.26
2021-04-28,Banana,13.63,445.68
2021-05-05,Banana,12.75,309.41
2021-05-12,Banana,12.63,318.56
2021-05-19,Banana,13.15,320.38
2021-05-26,Banana,13.37,424.42
2021-06-02,Banana,9.52,489.97
2021-06-09,Banana,11.23,448.71
2021-06-16,Banana,8.08,630.07
2021-06-23,Banana,10.42,513.08
2021-06-30,Banana,11.74,507.93
2021-07-07,Banana,8.57,568.89
2021-07-14,Banana,10.11,518.25
2021-07-21,Banana,9.14,624.95
2021-07-28,Banana,7.65,665.74
2021-08-04,Banana,5.59,794.05
2021-08-11,Banana,6.61,743.56
2021-08-18,Banana,9.11,506.4
2021-08-25,Banana,5.57,815.16
2021-09-01,Banana,6.92,782.84
2021-09-08,Banana,5.14,878.98
2021-09-15,Banana,6.93,666.67
2021-09-22,Banana,7.81,677.71
2021-09-29,Banana,5.89,771.24
2021-10-06,Banana,6.48,870.09
2021-10-13,Banana,8.95,540.92
2021-10-20,Banana,7.05,713.91
2021-10-27,Banana,8.77,511.17
2021-11-03,Banana,10.06,444.82
2021-11-10,Banana,10.4,462.66
2021-11-17,Banana,7.16,695.0
2021-11-24,Banana,8.2,697.87
2021-12-01,Banana,10.3,439.63
2021-12-08,Banana,11.64,472.14
2021-12-15,Banana,11.62,476.58
2021-12-22,Banana,9.82,484.91
2021-12-29,Banana,11.22,389.13
2022-01-05,Banana,12.27,313.11
2022-01-12,Banana,9.87,484.96
2022-01-19,Banana,9.88,565.08
2022-01-26,Banana,11.95,424.34
2022-02-02,Banana,12.55,315.42
2022-02-09,Banana,12.23,313.6
2022-02-16,Banana,12.19,435.34
2022-02-23,Banana,12.3,425.6
2022-03-02,Banana,14.43,416.63
2022-03-09,Banana,13.04,374.25
2022-03-16,Banana,14.21,299.72
2022-03-23,Banana,11.68,421.57
2022-03-30,Banana,14.27,315.35
2022-04-06,Banana,12.32,484.12
2022-04-13,Banana,12.75,321.15
2022-04-20,Banana,11.71,351.45
2022-04-27,Banana,13.81,315.85
2022-05-04,Banana,11.91,461.94
2022-05-11,Banana,11.81,431.79
2022-05-18,Banana,11.86,471.18
2022-05-25,Banana,9.86,523.74
2022-06-01,Banana,8.78,539.68
2022-06-08,Banana,10.89,400.51
2022-06-15,Banana,11.62,431.3
2022-06-22,Banana,11.21,418.92
2022-06-29,Banana,11.56,416.17
2022-07-06,Banana,8.9,627.65
2022-07-13,Banana,9.06,563.01
2022-07-20,Banana,9.37,472.95
2022-07-27,Banana,9.26,544.11
2022-08-03,Banana,7.97,547.63
2022-08-10,Banana,6.79,762.52
2022-08-17,Banana,7.71,742.51
2022-08-24,Banana,7.92,562.42
2022-08-31,Banana,7.72,614.93
2022-09-07,Banana,6.52,776.95
2022-09-14,Banana,5.51,851.49
2022-09-21,Banana,5.83,779.08
2022-09-28,Banana,5.02,1016.14
2022-10-05,Banana,5.92,844.75
2022-10-12,Banana,7.51,604.17
2022-10-19,Banana,6.4,877.29
2022-10-26,Banana,5.67,840.97
2022-11-02,Banana,9.54,456.5
2022-11-09,Banana,10.04,592.34
2022-11-16,Banana,10.04,419.93
2022-11-23,Banana,7.6,597.28
2022-11-30,Banana,8.48,513.7
2022-12-07,Banana,10.67,494.58
2022-12-14,Banana,10.54,507.66
2022-12-21,Banana,11.6,388.7
2022-12-28,Banana,10.04,515.98
2023-01-04,Banana,9.72,596.42
2023-01-11,Banana,10.08,524.09
2023-01-18,Banana,12.0,515.0
2023-01-25,Banana,13.01,470.09
2023-02-01,Banana,14.0,357.86
2023-02-08,Banana,13.55,460.35
2023-02-15,Banana,13.71,418.98
2023-02-22,Banana,12.54,390.83
2023-03-01,Banana,11.69,507.14
2023-03-08,Banana,13.38,326.96
2023-03-15,Banana,13.88,359.6
2023-03-22,Banana,14.07,280.96
2023-03-29,Banana,13.79,316.14
2023-04-05,Banana,11.88,463.62
2023-04-12,Banana,13.98,313.81
2023-04-19,Banana,13.86,371.52
2023-04-26,Banana,13.86,427.42
2023-05-03,Banana,13.1,317.06
2023-05-10,Banana,12.47,318.25
2023-05-17,Banana,12.02,396.48
2023-05-24,Banana,13.07,353.03
2023-05-31,Banana,12.79,327.15
2023-06-07,Banana,9.48,588.65
2023-06-14,Banana,9.19,520.68
2023-06-21,Banana,9.85,485.08
2023-06-28,Banana,10.18,501.12
2023-07-05,Banana,8.06,542.04
2023-07-12,Banana,8.75,531.92
2023-07-19,Banana,6.86,795.99
2023-07-26,Banana,9.28,617.43
2023-08-02,Banana,7.05,788.65
2023-08-09,Banana,6.36,805.42
2023-08-16,Banana,5.45,1003.38
2023-08-23,Banana,6.52,783.23
2023-08-30,Banana,7.81,691.08
2023-09-06,Banana,6.09,741.24
2023-09-13,Banana,6.54,686.48
2023-09-20,Banana,6.05,756.11
2023-09-27,Banana,7.52,580.22
2023-10-04,Banana,8.46,604.6
2023-10-11,Banana,7.58,640.06
2023-10-18,Banana,8.71,515.92
2023-10-25,Banana,6.72,784.74
2023-11-01,Banana,7.52,728.51
2023-11-08,Banana,9.84,565.14
2023-11-15,Banana,9.31,598.78
2023-11-22,Banana,8.87,631.14
2023-11-29,Banana,7.24,706.32
2023-12-06,Banana,8.96,555.0
2023-12-13,Banana,11.56,347.88
2023-12-20,Banana,11.42,511.37
2020-01-01,Mango,9.25,461.76
2020-01-08,Mango,8.38,590.52
2020-01-15,Mango,9.83,566.29
2020-01-22,Mango,10.66,434.75
2020-01-29,Mango,8.76,603.28
2020-02-05,Mango,9.94,580.13
2020-02-12,Mango,11.62,520.78
2020-02-19,Mango,8.36,558.24
2020-02-26,Mango,8.16,662.79
2020-03-04,Mango,10.1,593.48
2020-03-11,Mango,10.46,496.35
2020-03-18,Mango,8.29,560.34
2020-03-25,Mango,10.21,468.37
2020-04-01,Mango,9.77,520.4
2020-04-08,Mango,11.3,365.08
2020-04-15,Mango,8.58,526.85
2020-04-22,Mango,10.32,417.68
2020-04-29,Mango,8.48,675.27
2020-05-06,Mango,8.3,681.97
2020-05-13,Mango,10.79,469.01
2020-05-20,Mango,9.17,592.14
2020-05-27,Mango,9.19,530.85
2020-06-03,Mango,11.15,529.05
2020-06-10,Mango,10.22,502.32
2020-06-17,Mango,9.19,638.29
2020-06-24,Mango,8.39,663.22
2020-07-01,Mango,10.04,533.25
2020-07-08,Mango,8.86,532.52
2020-07-15,Mango,11.94,424.46
2020-07-22,Mango,10.14,505.43
2020-07-29,Mango,11.88,462.06
2020-08-05,Mango,8.87,470.71
2020-08-12,Mango,10.23,504.64
2020-08-19,Mango,10.3,505.95
2020-08-26,Mango,9.0,514.59
2020-09-02,Mango,9.34,476.22
2020-09-09,Mango,11.6,479.92
2020-09-16,Mango,11.15,443.51
2020-09-23,Mango,8.5,533.96
2020-09-30,Mango,10.69,510.44
2020-10-07,Mango,9.19,587.1
2020-10-14,Mango,10.06,512.31
2020-10-21,Mango,11.92,368.49
2020-10-28,Mango,10.29,473.27
2020-11-04,Mango,8.68,629.87
2020-11-11,Mango,9.11,538.03
2020-11-18,Mango,9.05,614.91
2020-11-25,Mango,11.92,408.59
2020-12-02,Mango,8.57,582.71
2020-12-09,Mango,8.14,562.47
2020-12-16,Mango,11.61,490.93
2020-12-23,Mango,8.4,676.61
2020-12-30,Mango,9.28,509.16
2021-01-06,Mango,9.42,458.21
2021-01-13,Mango,11.17,439.23
2021-01-20,Mango,9.7,447.53
2021-01-27,Mango,9.78,555.78
2021-02-03,Mango,9.62,449.45
2021-02-10,Mango,10.68,416.4
2021-02-17,Mango,10.15,582.95
2021-02-24,Mango,9.62,439.57
2021-03-03,Mango,10.54,569.22
2021-03-10,Mango,11.6,343.01
2021-03-17,Mango,9.97,572.88
2021-03-24,Mango,10.8,510.69
2021-03-31,Mango,11.87,503.08
2021-04-07,Mango,8.63,503.24
2021-04-14,Mango,10.62,444.9
2021-04-21,Mango,10.66,416.24
2021-04-28,Mango,10.89,468.24
2021-05-05,Mango,10.23,536.37
2021-05-12,Mango,8.66,530.23
2021-05-19,Mango,10.71,375.74
2021-05-26,Mango,10.75,415.91
2021-06-02,Mango,11.03,438.14
2021-06-09,Mango,9.37,511.13
2021-06-16,Mango,8.32,539.65
2021-06-23,Mango,10.15,458.57
2021-06-30,Mango,10.92,527.1
2021-07-07,Mango,8.03,561.07
2021-07-14,Mango,8.52,505.32
2021-07-21,Mango,8.66,594.92
2021-07-28,Mango,10.25,416.14
2021-08-04,Mango,11.36,485.91
2021-08-11,Mango,11.57,493.88
2021-08-18,Mango,11.83,499.55
2021-08-25,Mango,10.03,579.04
2021-09-01,Mango,10.72,531.39
2021-09-08,Mango,11.33,513.57
2021-09-15,Mango,11.8,478.77
2021-09-22,Mango,10.56,508.67
2021-09-29,Mango,10.11,420.61
2021-10-06,Mango,10.54,458.0
2021-10-13,Mango,10.42,505.27
2021-10-20,Mango,9.7,481.94
2021-10-27,Mango,9.88,534.87
2021-11-03,Mango,9.56,477.99
2021-11-10,Mango,9.32,603.28
2021-11-17,Mango,9.52,493.77
2021-11-24,Mango,10.33,388.75
2021-12-01,Mango,9.13,615.2
2021-12-08,Mango,9.13,517.25
2021-12-15,Mango,8.11,633.29
2021-12-22,Mango,9.6,493.05
2021-12-29,Mango,11.0,522.8
2022-01-05,Mango,9.0,576.12
2022-01-12,Mango,10.84,464.17
2022-01-19,Mango,10.37,549.72
2022-01-26,Mango,10.81,552.28
2022-02-02,Mango,11.76,385.68
2022-02-09,Mango,11.89,366.49
2022-02-16,Mango,10.8,420.95
2022-02-23,Mango,9.14,534.78
2022-03-02,Mango,8.3,530.53
2022-03-09,Mango,11.52,524.95
2022-03-16,Mango,10.94,477.91
2022-03-23,Mango,10.51,420.58
2022-03-30,Mango,10.62,393.73
2022-04-06,Mango,11.25,351.0
2022-04-13,Mango,10.58,425.87
2022-04-20,Mango,8.65,628.11
2022-04-27,Mango,10.41,543.65
2022-05-04,Mango,11.09,506.1
2022-05-11,Mango,11.3,419.6
2022-05-18,Mango,9.06,524.71
2022-05-25,Mango,11.6,405.42
2022-06-01,Mango,11.01,377.48
2022-06-08,Mango,9.22,581.45
2022-06-15,Mango,8.64,610.93
2022-06-22,Mango,8.07,578.79
2022-06-29,Mango,10.18,430.5
2022-07-06,Mango,11.03,380.02
2022-07-13,Mango,10.04,586.85
2022-07-20,Mango,9.56,436.12
2022-07-27,Mango,11.03,366.57
2022-08-03,Mango,10.59,492.26
2022-08-10,Mango,11.7,440.89
2022-08-17,Mango,9.2,542.96
2022-08-24,Mango,10.9,497.5
2022-08-31,Mango,10.28,398.05
2022-09-07,Mango,9.43,498.04
2022-09-14,Mango,11.21,545.96
2022-09-21,Mango,9.96,470.26
2022-09-28,Mango,11.92,383.18
2022-10-05,Mango,11.34,537.65
2022-10-12,Mango,10.75,532.51
2022-10-19,Mango,9.97,418.49
2022-10-26,Mango,8.03,557.94
2022-11-02,Mango,8.95,465.68
2022-11-09,Mango,9.33,528.17
2022-11-16,Mango,10.49,547.16
2022-11-23,Mango,11.17,359.97
2022-11-30,Mango,8.07,585.07
2022-12-07,Mango,11.82,442.2
2022-12-14,Mango,10.44,517.81
2022-12-21,Mango,11.42,341.22
2022-12-28,Mango,10.7,391.29
2023-01-04,Mango,8.7,501.94
2023-01-11,Mango,11.01,366.45
2023-01-18,Mango,10.69,497.46
2023-01-25,Mango,11.71,520.82
2023-02-01,Mango,11.96,450.59
2023-02-08,Mango,9.05,537.2
2023-02-15,Mango,11.97,481.89
2023-02-22,Mango,11.48,384.94
2023-03-01,Mango,8.54,648.59
2023-03-08,Mango,11.96,445.17
2023-03-15,Mango,9.22,638.38
2023-03-22,Mango,11.24,422.45
2023-03-29,Mango,9.44,616.19
2023-04-05,Mango,8.44,529.84
2023-04-12,Mango,10.78,550.49
2023-04-19,Mango,9.82,576.93
2023-04-26,Mango,8.5,515.41
2023-05-03,Mango,10.83,553.1
2023-05-10,Mango,11.7,485.62
2023-05-17,Mango,11.78,405.95
2023-05-24,Mango,10.91,420.6
2023-05-31,Mango,8.86,491.1
2023-06-07,Mango,8.54,597.08
2023-06-14,Mango,10.34,569.85
2023-06-21,Mango,8.57,521.06
2023-06-28,Mango,10.04,558.19
2023-07-05,Mango,11.76,396.72
2023-07-12,Mango,8.74,588.89
2023-07-19,Mango,10.27,445.74
2023-07-26,Mango,11.1,396.11
2023-08-02,Mango,11.41,379.95
2023-08-09,Mango,9.2,628.85
2023-08-16,Mango,11.03,453.32
2023-08-23,Mango,10.43,494.14
2023-08-30,Mango,8.3,656.99
2023-09-06,Mango,10.2,543.64
2023-09-13,Mango,8.95,478.81
2023-09-20,Mango,8.7,487.71
2023-09-27,Mango,9.49,479.38
2023-10-04,Mango,10.56,515.19
2023-10-11,Mango,11.1,445.18
2023-10-18,Mango,11.64,435.12
2023-10-25,Mango,11.6,467.53
2023-11-01,Mango,10.8,434.49
2023-11-08,Mango,9.57,549.17
2023-11-15,Mango,11.99,489.84
2023-11-22,Mango,10.96,514.61
2023-11-29,Mango,9.94,601.79
2023-12-06,Mango,8.53,649.34
2023-12-13,Mango,10.21,574.08
2023-12-20,Mango,8.12,565.08
2020-01-01,Grapes,8.97,542.84
2020-01-08,Grapes,8.88,643.16
2020-01-15,Grapes,7.82,611.68
2020-01-22,Grapes,10.23,423.04
2020-01-29,Grapes,9.89,449.76
2020-02-05,Grapes,8.41,650.41
2020-02-12,Grapes,7.29,618.13
2020-02-19,Grapes,9.2,621.23
2020-02-26,Grapes,8.5,520.34
2020-03-04,Grapes,6.49,808.77
2020-03-11,Grapes,6.85,757.38
2020-03-18,Grapes,5.39,917.47
2020-03-25,Grapes,6.66,682.81
2020-04-01,Grapes,8.61,608.68
2020-04-08,Grapes,8.71,549.09
2020-04-15,Grapes,8.76,599.98
2020-04-22,Grapes,5.69,890.62
2020-04-29,Grapes,7.68,594.83
2020-05-06,Grapes,8.86,556.92
2020-05-13,Grapes,8.75,482.7
2020-05-20,Grapes,9.37,553.12
2020-05-27,Grapes,7.95,562.63
2020-06-03,Grapes,10.87,509.23
2020-06-10,Grapes,8.05,601.35
2020-06-17,Grapes,11.3,450.49
2020-06-24,Grapes,10.2,460.69
2020-07-01,Grapes,13.46,301.77
2020-07-08,Grapes,12.99,354.05
2020-07-15,Grapes,10.74,521.44
2020-07-22,Grapes,11.97,499.7
2020-07-29,Grapes,10.14,583.4
2020-08-05,Grapes,13.26,462.56
2020-08-12,Grapes,11.28,425.93
2020-08-19,Grapes,14.5,436.35
2020-08-26,Grapes,12.38,347.68
2020-09-02,Grapes,12.77,459.39
2020-09-09,Grapes,14.71,296.76
2020-09-16,Grapes,13.41,344.2
2020-09-23,Grapes,13.57,383.9
2020-09-30,Grapes,11.35,354.48
2020-10-07,Grapes,12.93,418.3
2020-10-14,Grapes,14.21,293.65
2020-10-21,Grapes,11.79,405.43
2020-10-28,Grapes,12.25,370.53
2020-11-04,Grapes,10.4,472.9
2020-11-11,Grapes,12.23,346.21
2020-11-18,Grapes,13.5,327.39
2020-11-25,Grapes,10.73,556.64
2020-12-02,Grapes,11.62,443.38
2020-12-09,Grapes,11.16,466.14
2020-12-16,Grapes,9.7,493.57
2020-12-23,Grapes,10.33,525.24
2020-12-30,Grapes,11.35,349.87
2021-01-06,Grapes,7.88,652.41
2021-01-13,Grapes,10.03,425.06
2021-01-20,Grapes,8.9,535.34
2021-01-27,Grapes,9.26,599.47
2021-02-03,Grapes,5.65,885.97
2021-02-10,Grapes,9.01,504.5
2021-02-17,Grapes,6.78,773.53
2021-02-24,Grapes,8.29,544.34
2021-03-03,Grapes,7.56,743.08
2021-03-10,Grapes,7.77,595.53
2021-03-17,Grapes,8.46,585.2
2021-03-24,Grapes,7.55,685.34
2021-03-31,Grapes,6.06,793.8
2021-04-07,Grapes,8.52,651.66
2021-04-14,Grapes,9.31,511.65
2021-04-21,Grapes,7.4,761.33
2021-04-28,Grapes,9.22,636.51
2021-05-05,Grapes,8.85,610.71
2021-05-12,Grapes,8.41,579.23
2021-05-19,Grapes,8.78,662.27
2021-05-26,Grapes,7.34,633.29
2021-06-02,Grapes,9.21,627.62
2021-06-09,Grapes,9.53,477.24
2021-06-16,Grapes,11.57,484.44
2021-06-23,Grapes,11.36,453.74
2021-06-30,Grapes,8.27,519.44
2021-07-07,Grapes,9.87,416.87
2021-07-14,Grapes,10.11,459.58
2021-07-21,Grapes,11.64,337.04
2021-07-28,Grapes,10.63,569.36
2021-08-04,Grapes,12.73,482.96
2021-08-11,Grapes,12.99,430.03
2021-08-18,Grapes,12.95,345.44
2021-08-25,Grapes,11.29,412.89
2021-09-01,Grapes,14.39,288.31
2021-09-08,Grapes,12.33,416.4
2021-09-15,Grapes,13.57,327.94
2021-09-22,Grapes,11.2,458.28
2021-09-29,Grapes,14.94,244.56
2021-10-06,Grapes,13.15,394.67
2021-10-13,Grapes,11.28,529.18
2021-10-20,Grapes,10.77,387.83
2021-10-27,Grapes,12.98,438.8
2021-11-03,Grapes,9.79,607.12
2021-11-10,Grapes,12.68,464.67
2021-11-17,Grapes,9.74,584.08
2021-11-24,Grapes,10.34,420.77
2021-12-01,Grapes,11.68,500.23
2021-12-08,Grapes,11.77,475.95
2021-12-15,Grapes,8.13,594.81
2021-12-22,Grapes,9.77,412.46
2021-12-29,Grapes,11.39,413.88
2022-01-05,Grapes,9.12,615.32
2022-01-12,Grapes,7.15,630.99
2022-01-19,Grapes,9.97,569.77
2022-01-26,Grapes,8.25,563.1
2022-02-02,Grapes,8.59,531.08
2022-02-09,Grapes,6.11,783.26
2022-02-16,Grapes,6.29,880.29
2022-02-23,Grapes,9.07,649.41
2022-03-02,Grapes,5.3,887.54
2022-03-09,Grapes,8.14,583.44
2022-03-16,Grapes,6.39,791.26
2022-03-23,Grapes,5.72,787.77
2022-03-30,Grapes,6.95,758.47
2022-04-06,Grapes,9.21,527.37
2022-04-13,Grapes,8.28,546.73
2022-04-20,Grapes,6.26,887.8
2022-04-27,Grapes,8.8,592.19
2022-05-04,Grapes,8.25,671.85
2022-05-11,Grapes,6.97,669.32
2022-05-18,Grapes,10.17,434.14
2022-05-25,Grapes,8.73,473.47
2022-06-01,Grapes,8.9,519.48
2022-06-08,Grapes,10.44,436.78
2022-06-15,Grapes,11.59,429.78
2022-06-22,Grapes,10.37,508.82
2022-06-29,Grapes,10.68,411.39
2022-07-06,Grapes,12.14,510.2
2022-07-13,Grapes,12.35,338.27
2022-07-20,Grapes,11.74,418.12
2022-07-27,Grapes,10.49,436.61
2022-08-03,Grapes,14.05,422.7
2022-08-10,Grapes,11.38,346.88
2022-08-17,Grapes,13.59,361.33
2022-08-24,Grapes,13.76,357.61
2022-08-31,Grapes,10.85,483.06
2022-09-07,Grapes,11.2,375.37
2022-09-14,Grapes,11.04,387.83
2022-09-21,Grapes,11.43,520.91
2022-09-28,Grapes,11.18,451.39
2022-10-05,Grapes,11.94,489.35
2022-10-12,Grapes,11.99,456.83
2022-10-19,Grapes,14.46,381.82
2022-10-26,Grapes,11.38,340.81
2022-11-02,Grapes,10.67,510.87
2022-11-09,Grapes,9.79,577.86
2022-11-16,Grapes,10.2,574.83
2022-11-23,Grapes,13.31,432.43
2022-11-30,Grapes,11.17,527.64
2022-12-07,Grapes,10.91,451.52
2022-12-14,Grapes,11.94,474.19
2022-12-21,Grapes,11.81,449.15
2022-12-28,Grapes,9.95,526.32
2023-01-04,Grapes,8.97,642.62
2023-01-11,Grapes,8.24,660.55
2023-01-18,Grapes,8.77,537.14
2023-01-25,Grapes,6.83,785.69
2023-02-01,Grapes,9.3,519.75
2023-02-08,Grapes,7.26,621.14
2023-02-15,Grapes,5.94,769.31
2023-02-22,Grapes,6.57,684.95
2023-03-01,Grapes,5.99,882.23
2023-03-08,Grapes,8.88,641.98
2023-03-15,Grapes,7.24,714.77
2023-03-22,Grapes,5.33,858.3
2023-03-29,Grapes,7.53,638.62
2023-04-05,Grapes,6.43,788.27
2023-04-12,Grapes,9.31,440.61
2023-04-19,Grapes,9.34,587.91
2023-04-26,Grapes,9.09,509.58
2023-05-03,Grapes,9.89,537.87
2023-05-10,Grapes,7.12,740.35
2023-05-17,Grapes,9.28,513.59
2023-05-24,Grapes,7.76,698.16
2023-05-31,Grapes,8.56,600.01
2023-06-07,Grapes,8.9,564.08
2023-06-14,Grapes,11.65,490.7
2023-06-21,Grapes,11.0,495.83
2023-06-28,Grapes,10.25,567.96
2023-07-05,Grapes,12.91,358.78
2023-07-12,Grapes,10.67,510.82
2023-07-19,Grapes,12.75,333.77
2023-07-26,Grapes,10.77,540.3
2023-08-02,Grapes,14.51,339.63
2023-08-09,Grapes,11.19,360.28
2023-08-16,Grapes,12.62,352.44
2023-08-23,Grapes,10.81,415.03
2023-08-30,Grapes,12.55,402.87
2023-09-06,Grapes,14.51,281.81
2023-09-13,Grapes,13.8,328.17
2023-09-20,Grapes,12.55,304.76
2023-09-27,Grapes,14.8,290.12
2023-10-04,Grapes,11.93,325.36
2023-10-11,Grapes,11.66,514.17
2023-10-18,Grapes,14.37,351.47
2023-10-25,Grapes,12.24,459.57
2023-11-01,Grapes,10.88,535.88
2023-11-08,Grapes,12.26,507.37
2023-11-15,Grapes,11.79,387.66
2023-11-22,Grapes,10.21,438.19
2023-11-29,Grapes,9.75,551.78
2023-12-06,Grapes,9.32,477.07
2023-12-13,Grapes,9.67,507.65
2023-12-20,Grapes,9.86,412.63
2020-01-01,Watermelon,7.8,659.74
2020-01-08,Watermelon,7.88,539.98
2020-01-15,Watermelon,7.92,554.6
2020-01-22,Watermelon,7.86,615.94
2020-01-29,Watermelon,7.14,683.57
2020-02-05,Watermelon,8.36,587.84
2020-02-12,Watermelon,6.58,775.06
2020-02-19,Watermelon,6.9,716.9
2020-02-26,Watermelon,8.36,635.37
2020-03-04,Watermelon,8.61,643.82
2020-03-11,Watermelon,8.74,527.61
2020-03-18,Watermelon,5.63,888.83
2020-03-25,Watermelon,6.71,720.59
2020-04-01,Watermelon,7.26,776.52
2020-04-08,Watermelon,6.5,854.01
2020-04-15,Watermelon,6.2,817.06
2020-04-22,Watermelon,6.92,628.91
2020-04-29,Watermelon,8.96,558.26
2020-05-06,Watermelon,6.5,818.37
2020-05-13,Watermelon,8.83,508.35
2020-05-20,Watermelon,10.25,458.17
2020-05-27,Watermelon,8.64,593.96
2020-06-03,Watermelon,8.1,571.99
2020-06-10,Watermelon,11.08,467.16
2020-06-17,Watermelon,10.04,502.82
2020-06-24,Watermelon,8.25,550.95
2020-07-01,Watermelon,9.93,431.94
2020-07-08,Watermelon,10.13,582.68
2020-07-15,Watermelon,10.5,555.39
2020-07-22,Watermelon,10.69,437.4
2020-07-29,Watermelon,9.94,534.09
2020-08-05,Watermelon,10.73,373.61
2020-08-12,Watermelon,14.29,403.45
2020-08-19,Watermelon,13.17,445.94
2020-08-26,Watermelon,14.29,441.04
2020-09-02,Watermelon,13.98,401.69
2020-09-09,Watermelon,13.48,354.88
2020-09-16,Watermelon,11.62,469.78
2020-09-23,Watermelon,14.68,332.67
2020-09-30,Watermelon,11.05,379.56
2020-10-07,Watermelon,13.52,405.81
2020-10-14,Watermelon,12.79,457.83
2020-10-21,Watermelon,14.14,400.43
2020-10-28,Watermelon,13.91,365.62
2020-11-04,Watermelon,10.37,452.89
2020-11-11,Watermelon,12.3,439.52
2020-11-18,Watermelon,12.91,441.79
2020-11-25,Watermelon,12.97,427.01
2020-12-02,Watermelon,9.74,565.12
2020-12-09,Watermelon,9.98,456.89
2020-12-16,Watermelon,9.8,596.38
2020-12-23,Watermelon,10.99,500.15
2020-12-30,Watermelon,9.91,550.06
2021-01-06,Watermelon,8.14,546.14
2021-01-13,Watermelon,9.51,498.15
2021-01-20,Watermelon,6.63,804.36
2021-01-27,Watermelon,6.54,688.71
2021-02-03,Watermelon,7.08,652.92
2021-02-10,Watermelon,5.63,899.64
2021-02-17,Watermelon,6.58,758.27
2021-02-24,Watermelon,7.43,686.72
2021-03-03,Watermelon,8.61,578.0
2021-03-10,Watermelon,7.03,804.52
2021-03-17,Watermelon,6.97,733.06
2021-03-24,Watermelon,8.9,486.36
2021-03-31,Watermelon,8.25,526.43
2021-04-07,Watermelon,8.36,643.18
2021-04-14,Watermelon,8.93,615.8
2021-04-21,Watermelon,5.67,962.35
2021-04-28,Watermelon,6.52,691.58
2021-05-05,Watermelon,9.89,433.13
2021-05-12,Watermelon,8.11,613.15
2021-05-19,Watermelon,7.4,609.09
2021-05-26,Watermelon,10.03,487.24
2021-06-02,Watermelon,10.25,430.21
2021-06-09,Watermelon,8.73,481.14
2021-06-16,Watermelon,11.18,504.23
2021-06-23,Watermelon,9.38,585.76
2021-06-30,Watermelon,9.44,618.2
2021-07-07,Watermelon,10.56,455.83
2021-07-14,Watermelon,13.48,365.62
2021-07-21,Watermelon,9.69,500.95
2021-07-28,Watermelon,13.0,286.34
2021-08-04,Watermelon,12.06,345.56
2021-08-11,Watermelon,11.74,496.21
2021-08-18,Watermelon,12.38,449.97
2021-08-25,Watermelon,11.47,352.36
2021-09-01,Watermelon,14.69,339.77
2021-09-08,Watermelon,11.96,482.89
2021-09-15,Watermelon,12.34,312.35
2021-09-22,Watermelon,12.35,375.23
2021-09-29,Watermelon,11.28,346.07
2021-10-06,Watermelon,13.53,390.38
2021-10-13,Watermelon,14.58,289.99
2021-10-20,Watermelon,14.0,265.66
2021-10-27,Watermelon,12.6,474.86
2021-11-03,Watermelon,11.48,487.95
2021-11-10,Watermelon,10.43,454.82
2021-11-17,Watermelon,10.04,584.87
2021-11-24,Watermelon,11.07,399.1
2021-12-01,Watermelon,9.31,553.21
2021-12-08,Watermelon,11.7,477.72
2021-12-15,Watermelon,9.69,484.05
2021-12-22,Watermelon,10.51,497.04
2021-12-29,Watermelon,10.44,400.93
2022-01-05,Watermelon,8.22,692.21
2022-01-12,Watermelon,9.71,580.51
2022-01-19,Watermelon,7.42,657.76
2022-01-26,Watermelon,10.42,380.26
2022-02-02,Watermelon,8.1,686.88
2022-02-09,Watermelon,7.85,629.52
2022-02-16,Watermelon,8.47,526.47
2022-02-23,Watermelon,7.73,642.04
2022-03-02,Watermelon,7.25,690.25
2022-03-09,Watermelon,5.6,984.27
2022-03-16,Watermelon,8.88,615.73
2022-03-23,Watermelon,5.49,946.38
2022-03-30,Watermelon,8.9,495.61
2022-04-06,Watermelon,7.26,721.55
2022-04-13,Watermelon,9.24,503.57
2022-04-20,Watermelon,9.16,611.79
2022-04-27,Watermelon,8.24,613.16
2022-05-04,Watermelon,7.54,648.11
2022-05-11,Watermelon,7.61,663.9
2022-05-18,Watermelon,8.83,621.83
2022-05-25,Watermelon,10.39,454.64
2022-06-01,Watermelon,10.88,559.34
2022-06-08,Watermelon,10.74,468.33
2022-06-15,Watermelon,9.05,601.47
2022-06-22,Watermelon,9.79,592.15
2022-06-29,Watermelon,9.84,408.67
2022-07-06,Watermelon,10.79,485.79
2022-07-13,Watermelon,9.73,593.94
2022-07-20,Watermelon,11.19,449.61
2022-07-27,Watermelon,12.2,430.97
2022-08-03,Watermelon,11.23,371.86
2022-08-10,Watermelon,12.34,455.59
2022-08-17,Watermelon,12.66,337.51
2022-08-24,Watermelon,14.27,359.63
2022-08-31,Watermelon,12.73,451.72
2022-09-07,Watermelon,11.18,527.92
2022-09-14,Watermelon,11.97,374.75
2022-09-21,Watermelon,13.65,367.83
2022-09-28,Watermelon,14.2,410.29
2022-10-05,Watermelon,11.3,514.52
2022-10-12,Watermelon,12.39,403.22
2022-10-19,Watermelon,13.18,296.64
2022-10-26,Watermelon,13.08,404.38
2022-11-02,Watermelon,10.3,491.35
2022-11-09,Watermelon,11.03,464.41
2022-11-16,Watermelon,10.17,418.45
2022-11-23,Watermelon,13.32,391.12
2022-11-30,Watermelon,10.28,573.63
2022-12-07,Watermelon,9.77,472.28
2022-12-14,Watermelon,10.5,562.5
2022-12-21,Watermelon,10.4,559.8
2022-12-28,Watermelon,8.17,690.85
2023-01-04,Watermelon,9.55,582.41
2023-01-11,Watermelon,8.04,582.24
2023-01-18,Watermelon,8.21,644.37
2023-01-25,Watermelon,9.12,634.37
2023-02-01,Watermelon,8.26,615.06
2023-02-08,Watermelon,9.02,651.62
2023-02-15,Watermelon,8.68,659.59
2023-02-22,Watermelon,5.75,908.8
2023-03-01,Watermelon,5.72,862.84
2023-03-08,Watermelon,6.16,716.33
2023-03-15,Watermelon,8.21,604.73
2023-03-22,Watermelon,7.82,557.33
2023-03-29,Watermelon,7.71,639.42
2023-04-05,Watermelon,5.42,996.13
2023-04-12,Watermelon,7.92,681.2
2023-04-19,Watermelon,8.02,701.99
2023-04-26,Watermelon,7.8,724.47
2023-05-03,Watermelon,9.56,446.54
2023-05-10,Watermelon,8.68,503.9
2023-05-17,Watermelon,8.16,518.73
2023-05-24,Watermelon,10.3,386.66
2023-05-31,Watermelon,8.07,617.52
2023-06-07,Watermelon,10.28,502.51
2023-06-14,Watermelon,9.45,565.69
2023-06-21,Watermelon,10.07,588.72
2023-06-28,Watermelon,8.97,471.82
2023-07-05,Watermelon,12.22,377.27
2023-07-12,Watermelon,10.23,479.65
2023-07-19,Watermelon,11.73,366.99
2023-07-26,Watermelon,12.09,419.83
2023-08-02,Watermelon,12.95,349.16
2023-08-09,Watermelon,11.08,365.71
2023-08-16,Watermelon,10.7,545.67
2023-08-23,Watermelon,11.3,523.84
2023-08-30,Watermelon,10.61,415.83
2023-09-06,Watermelon,12.31,483.57
2023-09-13,Watermelon,14.19,429.4
2023-09-20,Watermelon,11.35,406.67
2023-09-27,Watermelon,11.21,405.28
2023-10-04,Watermelon,10.91,516.42
2023-10-11,Watermelon,11.64,358.65
2023-10-18,Watermelon,11.58,346.75
2023-10-25,Watermelon,11.75,368.48
2023-11-01,Watermelon,10.66,523.66
2023-11-08,Watermelon,13.06,286.72
2023-11-15,Watermelon,13.03,337.52
2023-11-22,Watermelon,13.13,352.47
2023-11-29,Watermelon,13.47,272.88
2023-12-06,Watermelon,10.56,468.2
2023-12-13,Watermelon,8.73,543.55
2023-12-20,Watermelon,8.51,531.68
2020-01-01,Apple,11.88,509.27
2020-01-08,Apple,9.51,577.98
2020-01-15,Apple,9.02,513.76
2020-01-22,Apple,9.95,492.16
2020-01-29,Apple,11.22,436.64
2020-02-05,Apple,11.58,486.69
2020-02-12,Apple,10.67,550.11
2020-02-19,Apple,10.0,567.59
2020-02-26,Apple,10.39,461.28
2020-03-04,Apple,8.43,550.04
2020-03-11,Apple,10.26,462.98
2020-03-18,Apple,10.28,568.78
2020-03-25,Apple,8.88,528.15
2020-04-01,Apple,9.49,583.13
2020-04-08,Apple,10.43,467.92
2020-04-15,Apple,11.89,394.15
2020-04-22,Apple,10.86,524.83
2020-04-29,Apple,10.19,497.16
2020-05-06,Apple,8.83,567.36
2020-05-13,Apple,8.42,579.47
2020-05-20,Apple,9.58,555.98
2020-05-27,Apple,8.33,588.38
2020-06-03,Apple,10.75,407.49
2020-06-10,Apple,9.45,542.32
2020-06-17,Apple,10.71,396.87
2020-06-24,Apple,11.19,527.5
2020-07-01,Apple,8.74,544.79
2020-07-08,Apple,8.42,567.96
2020-07-15,Apple,11.17,388.04
2020-07-22,Apple,11.49,377.37
2020-07-29,Apple,8.34,601.84
2020-08-05,Apple,8.75,536.2
2020-08-12,Apple,11.58,490.1
2020-08-19,Apple,9.44,589.04
2020-08-26,Apple,11.56,516.54
2020-09-02,Apple,11.95,450.92
2020-09-09,Apple,11.57,454.85
2020-09-16,Apple,9.97,492.01
2020-09-23,Apple,11.88,338.3
2020-09-30,Apple,9.56,571.6
2020-10-07,Apple,10.87,467.02
2020-10-14,Apple,12.0,332.13
2020-10-21,Apple,10.01,518.05
2020-10-28,Apple,11.08,394.21
2020-11-04,Apple,11.27,366.89
2020-11-11,Apple,10.74,454.7
2020-11-18,Apple,11.9,361.85
2020-11-25,Apple,10.29,560.88
2020-12-02,Apple,8.35,583.62
2020-12-09,Apple,9.44,609.06
2020-12-16,Apple,8.29,619.49
2020-12-23,Apple,8.2,569.38
2020-12-30,Apple,11.48,504.82
2021-01-06,Apple,11.77,513.62
2021-01-13,Apple,8.42,674.15
2021-01-20,Apple,9.32,599.9
2021-01-27,Apple,9.09,595.47
2021-02-03,Apple,11.63,368.96
2021-02-10,Apple,11.66,384.3
2021-02-17,Apple,11.99,320.06
2021-02-24,Apple,9.66,438.52
2021-03-03,Apple,8.51,674.08
2021-03-10,Apple,8.94,493.18
2021-03-17,Apple,8.35,693.78
2021-03-24,Apple,11.72,347.87
2021-03-31,Apple,10.67,481.4
2021-04-07,Apple,8.02,625.91
2021-04-14,Apple,9.57,444.51
2021-04-21,Apple,9.1,499.69
2021-04-28,Apple,9.49,559.89
2021-05-05,Apple,8.82,625.48
2021-05-12,Apple,10.97,481.4
2021-05-19,Apple,11.09,457.84
2021-05-26,Apple,11.96,355.48
2021-06-02,Apple,9.12,553.64
2021-06-09,Apple,9.77,485.07
2021-06-16,Apple,9.3,594.22
2021-06-23,Apple,11.19,454.33
2021-06-30,Apple,9.94,593.71
2021-07-07,Apple,11.55,465.85
2021-07-14,Apple,10.09,505.21
2021-07-21,Apple,9.05,525.43
2021-07-28,Apple,9.22,564.36
2021-08-04,Apple,10.3,517.55
2021-08-11,Apple,8.9,586.04
2021-08-18,Apple,11.3,346.57
2021-08-25,Apple,9.07,497.38
2021-09-01,Apple,9.77,491.18
2021-09-08,Apple,9.6,442.26
2021-09-15,Apple,11.36,361.01
2021-09-22,Apple,8.76,538.6
2021-09-29,Apple,9.36,514.32
2021-10-06,Apple,11.3,500.38
2021-10-13,Apple,10.57,562.98
2021-10-20,Apple,10.69,515.01
2021-10-27,Apple,9.15,482.59
2021-11-03,Apple,9.29,471.67
2021-11-10,Apple,11.72,511.62
2021-11-17,Apple,10.67,445.29
2021-11-24,Apple,10.21,445.79
2021-12-01,Apple,10.66,528.96
2021-12-08,Apple,9.03,637.9
2021-12-15,Apple,11.09,411.82
2021-12-22,Apple,11.4,393.19
2021-12-29,Apple,10.16,466.7
2022-01-05,Apple,8.41,586.82
2022-01-12,Apple,10.0,465.25
2022-01-19,Apple,9.74,499.76
2022-01-26,Apple,11.37,495.96
2022-02-02,Apple,8.18,651.4
2022-02-09,Apple,9.83,504.4
2022-02-16,Apple,9.35,512.04
2022-02-23,Apple,8.54,504.38
2022-03-02,Apple,8.6,570.47
2022-03-09,Apple,10.7,492.01
2022-03-16,Apple,10.73,527.93
2022-03-23,Apple,11.6,408.68
2022-03-30,Apple,8.35,529.48
2022-04-06,Apple,8.59,532.31
2022-04-13,Apple,11.38,473.79
2022-04-20,Apple,9.17,450.41
2022-04-27,Apple,9.87,582.23
2022-05-04,Apple,9.95,435.22
2022-05-11,Apple,9.56,474.16
2022-05-18,Apple,8.44,633.45
2022-05-25,Apple,8.74,611.14
2022-06-01,Apple,8.76,624.67
2022-06-08,Apple,9.24,597.96
2022-06-15,Apple,11.68,352.28
2022-06-22,Apple,9.34,618.1
2022-06-29,Apple,9.82,488.4
2022-07-06,Apple,11.51,339.84
2022-07-13,Apple,11.64,473.02
2022-07-20,Apple,9.37,517.2
2022-07-27,Apple,10.02,472.58
2022-08-03,Apple,8.4,534.15
2022-08-10,Apple,11.13,427.03
2022-08-17,Apple,11.74,342.02
2022-08-24,Apple,11.15,520.42
2022-08-31,Apple,8.89,486.58
2022-09-07,Apple,10.87,487.17
2022-09-14,Apple,11.42,521.4
2022-09-21,Apple,8.68,665.38
2022-09-28,Apple,11.83,498.17
2022-10-05,Apple,10.92,453.05
2022-10-12,Apple,10.27,509.18
2022-10-19,Apple,9.73,418.05
2022-10-26,Apple,9.88,458.2
2022-11-02,Apple,10.09,594.59
2022-11-09,Apple,11.4,376.71
2022-11-16,Apple,10.35,573.22
2022-11-23,Apple,9.0,544.72
2022-11-30,Apple,10.2,546.8
2022-12-07,Apple,11.08,412.2
2022-12-14,Apple,9.26,510.19
2022-12-21,Apple,10.31,557.05
2022-12-28,Apple,11.09,473.46
2023-01-04,Apple,9.53,434.77
2023-01-11,Apple,10.82,455.52
2023-01-18,Apple,8.84,471.5
2023-01-25,Apple,8.76,662.55
2023-02-01,Apple,8.27,633.91
2023-02-08,Apple,8.01,623.61
2023-02-15,Apple,8.24,616.76
2023-02-22,Apple,11.78,512.56
2023-03-01,Apple,10.38,389.39
2023-03-08,Apple,11.42,421.72
2023-03-15,Apple,10.39,437.48
2023-03-22,Apple,9.87,570.98
2023-03-29,Apple,11.11,493.58
2023-04-05,Apple,10.4,504.12
2023-04-12,Apple,11.3,481.96
2023-04-19,Apple,8.92,617.16
2023-04-26,Apple,9.24,627.84
2023-05-03,Apple,10.12,401.4
2023-05-10,Apple,10.27,580.57
2023-05-17,Apple,11.16,535.99
2023-05-24,Apple,11.12,355.38
2023-05-31,Apple,10.84,454.43
2023-06-07,Apple,11.95,495.77
2023-06-14,Apple,9.26,529.88
2023-06-21,Apple,11.95,498.27
2023-06-28,Apple,10.72,469.02
2023-07-05,Apple,10.04,514.15
2023-07-12,Apple,11.47,371.65
2023-07-19,Apple,10.79,373.55
2023-07-26,Apple,10.3,581.6
2023-08-02,Apple,9.77,502.9
2023-08-09,Apple,8.02,557.34
2023-08-16,Apple,8.11,540.84
2023-08-23,Apple,11.83,360.26
2023-08-30,Apple,11.38,478.34
2023-09-06,Apple,10.86,550.71
2023-09-13,Apple,8.4,595.83
2023-09-20,Apple,10.39,546.43
2023-09-27,Apple,11.11,508.14
2023-10-04,Apple,11.23,491.89
2023-10-11,Apple,10.82,525.32
2023-10-18,Apple,11.59,342.66
2023-10-25,Apple,10.89,394.82
2023-11-01,Apple,10.81,454.12
2023-11-08,Apple,9.47,441.97
2023-11-15,Apple,10.9,362.34
2023-11-22,Apple,8.64,638.85
2023-11-29,Apple,8.37,581.72
2023-12-06,Apple,11.13,410.82
2023-12-13,Apple,11.95,355.9
2023-12-20,Apple,10.44,378.81
2020-01-01,Orange,11.17,387.49
2020-01-08,Orange,12.45,420.99
2020-01-15,Orange,10.68,457.03
2020-01-22,Orange,11.36,449.11
2020-01-29,Orange,11.72,510.09
2020-02-05,Orange,13.34,392.19
2020-02-12,Orange,12.32,386.09
2020-02-19,Orange,13.94,283.91
2020-02-26,Orange,14.26,324.88
2020-03-04,Orange,14.94,245.94
2020-03-11,Orange,14.83,380.66
2020-03-18,Orange,11.18,471.48
2020-03-25,Orange,14.47,342.47
2020-04-01,Orange,10.82,501.09
2020-04-08,Orange,12.48,340.59
2020-04-15,Orange,14.42,303.68
2020-04-22,Orange,14.06,366.54
2020-04-29,Orange,12.7,471.53
2020-05-06,Orange,9.89,530.98
2020-05-13,Orange,11.82,450.39
2020-05-20,Orange,11.26,448.51
2020-05-27,Orange,13.48,324.59
2020-06-03,Orange,11.61,461.43
2020-06-10,Orange,8.38,678.83
2020-06-17,Orange,8.04,579.68
2020-06-24,Orange,11.25,376.19
2020-07-01,Orange,7.03,728.56
2020-07-08,Orange,9.15,637.54
2020-07-15,Orange,8.08,652.66
2020-07-22,Orange,7.28,628.22
2020-07-29,Orange,9.34,539.44
2020-08-05,Orange,6.02,928.86
2020-08-12,Orange,8.43,538.78
2020-08-19,Orange,7.49,766.05
2020-08-26,Orange,9.1,626.23
2020-09-02,Orange,6.01,906.7
2020-09-09,Orange,7.6,565.23
2020-09-16,Orange,6.47,835.08
2020-09-23,Orange,7.2,730.35
2020-09-30,Orange,8.89,534.19
2020-10-07,Orange,6.94,748.47
2020-10-14,Orange,6.12,892.47
2020-10-21,Orange,6.29,721.87
2020-10-28,Orange,5.98,766.62
2020-11-04,Orange,7.64,564.53
2020-11-11,Orange,7.76,622.74
2020-11-18,Orange,9.8,549.34
2020-11-25,Orange,9.95,496.47
2020-12-02,Orange,8.12,523.69
2020-12-09,Orange,11.78,503.77
2020-12-16,Orange,8.25,582.93
2020-12-23,Orange,10.9,538.08
2020-12-30,Orange,8.89,647.81
2021-01-06,Orange,11.25,409.71
2021-01-13,Orange,10.39,580.26
2021-01-20,Orange,11.69,483.78
2021-01-27,Orange,11.96,445.58
2021-02-03,Orange,13.96,453.2
2021-02-10,Orange,13.52,305.25
2021-02-17,Orange,11.6,386.1
2021-02-24,Orange,14.31,411.93
2021-03-03,Orange,11.44,461.18
2021-03-10,Orange,14.89,415.78
2021-03-17,Orange,14.14,386.73
2021-03-24,Orange,14.24,430.53
2021-03-31,Orange,11.21,368.38
2021-04-07,Orange,12.82,290.77
2021-04-14,Orange,10.91,373.97
2021-04-21,Orange,14.06,413.88
2021-04-28,Orange,12.12,505.38
2021-05-05,Orange,13.38,311.08
2021-05-12,Orange,11.37,412.12
2021-05-19,Orange,10.14,466.3
2021-05-26,Orange,10.22,437.54
2021-06-02,Orange,11.41,478.63
2021-06-09,Orange,8.87,517.95
2021-06-16,Orange,10.4,527.09
2021-06-23,Orange,10.02,526.5
2021-06-30,Orange,9.36,533.96
2021-07-07,Orange,7.86,585.75
2021-07-14,Orange,9.69,581.65
2021-07-21,Orange,7.77,717.99
2021-07-28,Orange,7.92,665.03
2021-08-04,Orange,6.62,791.18
2021-08-11,Orange,9.26,599.04
2021-08-18,Orange,8.27,631.42
2021-08-25,Orange,6.36,817.48
2021-09-01,Orange,6.83,824.53
2021-09-08,Orange,5.38,845.04
2021-09-15,Orange,5.17,968.52
2021-09-22,Orange,6.73,702.13
2021-09-29,Orange,6.7,842.15
2021-10-06,Orange,8.45,598.45
2021-10-13,Orange,6.6,761.14
2021-10-20,Orange,6.5,722.54
2021-10-27,Orange,5.86,922.28
2021-11-03,Orange,6.92,726.15
2021-11-10,Orange,7.08,614.97
2021-11-17,Orange,10.45,523.71
2021-11-24,Orange,9.63,618.25
2021-12-01,Orange,11.95,376.95
2021-12-08,Orange,9.39,587.81
2021-12-15,Orange,10.42,392.03
2021-12-22,Orange,9.55,582.68
2021-12-29,Orange,10.25,408.82
2022-01-05,Orange,12.92,446.31
2022-01-12,Orange,11.94,450.82
2022-01-19,Orange,12.67,300.35
2022-01-26,Orange,12.78,403.78
2022-02-02,Orange,13.22,434.07
2022-02-09,Orange,13.35,391.05
2022-02-16,Orange,13.72,463.04
2022-02-23,Orange,11.3,529.7
2022-03-02,Orange,14.83,350.67
2022-03-09,Orange,13.47,328.82
2022-03-16,Orange,12.86,428.53
2022-03-23,Orange,12.87,410.43
2022-03-30,Orange,14.21,350.15
2022-04-06,Orange,13.48,316.68
2022-04-13,Orange,13.19,453.39
2022-04-20,Orange,13.87,338.69
2022-04-27,Orange,11.15,359.74
2022-05-04,Orange,11.53,505.98
2022-05-11,Orange,12.17,464.21
2022-05-18,Orange,9.83,482.75
2022-05-25,Orange,10.49,524.87
2022-06-01,Orange,9.08,462.06
2022-06-08,Orange,8.1,524.94
2022-06-15,Orange,10.85,556.94
2022-06-22,Orange,10.24,583.93
2022-06-29,Orange,10.48,463.06
2022-07-06,Orange,6.63,853.48
2022-07-13,Orange,7.72,664.04
2022-07-20,Orange,6.58,755.72
2022-07-27,Orange,7.29,722.22
2022-08-03,Orange,8.57,628.84
2022-08-10,Orange,7.98,691.73
2022-08-17,Orange,7.84,604.12
2022-08-24,Orange,5.66,887.29
2022-08-31,Orange,8.1,671.4
2022-09-07,Orange,5.36,910.08
2022-09-14,Orange,5.0,968.36
2022-09-21,Orange,5.02,1003.42
2022-09-28,Orange,8.64,492.53
2022-10-05,Orange,7.67,642.61
2022-10-12,Orange,8.66,601.54
2022-10-19,Orange,8.44,565.14
2022-10-26,Orange,9.09,548.23
2022-11-02,Orange,7.62,634.82
2022-11-09,Orange,7.86,568.77
2022-11-16,Orange,8.5,671.74
2022-11-23,Orange,8.85,616.88
2022-11-30,Orange,9.78,419.85
2022-12-07,Orange,10.8,406.42
2022-12-14,Orange,8.16,563.34
2022-12-21,Orange,8.64,538.87
2022-12-28,Orange,10.85,426.18
2023-01-04,Orange,11.63,404.11
2023-01-11,Orange,10.86,524.4
2023-01-18,Orange,12.1,363.32
2023-01-25,Orange,12.8,371.33
2023-02-01,Orange,12.41,400.13
2023-02-08,Orange,10.95,424.34
2023-02-15,Orange,13.2,442.25
2023-02-22,Orange,11.25,487.89
2023-03-01,Orange,12.49,434.34
2023-03-08,Orange,13.92,430.89
2023-03-15,Orange,12.81,439.1
2023-03-22,Orange,11.78,350.97
2023-03-29,Orange,11.7,380.14
2023-04-05,Orange,12.28,395.99
2023-04-12,Orange,11.75,348.29
2023-04-19,Orange,11.88,431.17
2023-04-26,Orange,12.56,435.75
2023-05-03,Orange,10.65,414.8
2023-05-10,Orange,10.52,546.81
2023-05-17,Orange,13.05,469.42
2023-05-24,Orange,11.4,362.92
2023-05-31,Orange,11.02,384.7
2023-06-07,Orange,8.63,574.82
2023-06-14,Orange,9.2,616.86
2023-06-21,Orange,8.33,654.77
2023-06-28,Orange,11.3,435.01
2023-07-05,Orange,9.12,553.14
2023-07-12,Orange,9.6,564.73
2023-07-19,Orange,8.02,628.78
2023-07-26,Orange,8.06,676.85
2023-08-02,Orange,6.27,794.21
2023-08-09,Orange,6.15,904.69
2023-08-16,Orange,6.97,663.84
2023-08-23,Orange,5.56,829.28
2023-08-30,Orange,7.94,585.94
2023-09-06,Orange,8.71,511.9
2023-09-13,Orange,8.54,629.61
2023-09-20,Orange,8.42,573.68
2023-09-27,Orange,8.89,609.15
2023-10-04,Orange,9.15,574.04
2023-10-11,Orange,5.67,795.82
2023-10-18,Orange,9.08,639.72
2023-10-25,Orange,8.28,693.31
2023-11-01,Orange,10.11,479.4
2023-11-08,Orange,9.2,489.0
2023-11-15,Orange,7.35,588.56
2023-11-22,Orange,9.57,597.1
2023-11-29,Orange,8.46,582.36
2023-12-06,Orange,9.17,610.78
2023-12-13,Orange,10.1,588.8
2023-12-20,Orange,9.36,569.51
2020-01-01,Olive,19.18,222.11
2020-01-08,Olive,19.3,192.14
2020-01-15,Olive,18.58,234.1
2020-01-22,Olive,18.84,208.7
2020-01-29,Olive,19.45,166.53
2020-02-05,Olive,21.28,279.38
2020-02-12,Olive,21.05,157.03
2020-02-19,Olive,18.98,272.3
2020-02-26,Olive,19.82,332.89
2020-03-04,Olive,20.2,204.45
2020-03-11,Olive,19.92,185.72
2020-03-18,Olive,18.49,357.23
2020-03-25,Olive,19.99,185.08
2020-04-01,Olive,21.6,166.54
2020-04-08,Olive,21.93,287.23
2020-04-15,Olive,21.34,172.73
2020-04-22,Olive,20.87,181.13
2020-04-29,Olive,20.94,257.12
2020-05-06,Olive,21.4,282.7
2020-05-13,Olive,18.31,174.87
2020-05-20,Olive,19.59,174.83
2020-05-27,Olive,19.61,229.18
2020-06-03,Olive,20.04,207.99
2020-06-10,Olive,18.43,293.03
2020-06-17,Olive,19.68,184.41
2020-06-24,Olive,21.14,149.05
2020-07-01,Olive,19.72,184.71
2020-07-08,Olive,19.12,244.34
2020-07-15,Olive,20.29,262.98
2020-07-22,Olive,21.42,265.94
2020-07-29,Olive,20.13,209.94
2020-08-05,Olive,19.37,340.43
2020-08-12,Olive,19.77,258.8
2020-08-19,Olive,21.46,296.24
2020-08-26,Olive,19.19,227.24
2020-09-02,Olive,20.49,330.36
2020-09-09,Olive,18.43,354.96
2020-09-16,Olive,18.01,202.26
2020-09-23,Olive,19.45,199.9
2020-09-30,Olive,20.82,221.37
2020-10-07,Olive,21.15,153.81
2020-10-14,Olive,19.88,280.79
2020-10-21,Olive,21.2,171.28
2020-10-28,Olive,20.65,161.21
2020-11-04,Olive,18.77,225.38
2020-11-11,Olive,21.96,211.82
2020-11-18,Olive,19.06,311.55
2020-11-25,Olive,19.91,236.77
2020-12-02,Olive,18.95,200.61
2020-12-09,Olive,18.94,337.58
2020-12-16,Olive,21.12,262.62
2020-12-23,Olive,21.01,206.91
2020-12-30,Olive,20.17,221.21
2021-01-06,Olive,21.51,181.13
2021-01-13,Olive,21.67,163.62
2021-01-20,Olive,21.42,203.96
2021-01-27,Olive,19.78,264.63
2021-02-03,Olive,21.41,228.76
2021-02-10,Olive,20.87,245.46
2021-02-17,Olive,20.44,226.55
2021-02-24,Olive,18.29,185.08
2021-03-03,Olive,21.99,150.96
2021-03-10,Olive,20.17,245.9
2021-03-17,Olive,21.84,278.49
2021-03-24,Olive,21.1,323.57
2021-03-31,Olive,21.27,266.15
2021-04-07,Olive,20.96,245.28
2021-04-14,Olive,21.41,308.67
2021-04-21,Olive,18.72,190.12
2021-04-28,Olive,19.51,248.92
2021-05-05,Olive,21.28,316.28
2021-05-12,Olive,19.44,184.82
2021-05-19,Olive,20.76,327.28
2021-05-26,Olive,18.2,318.07
2021-06-02,Olive,18.1,354.65
2021-06-09,Olive,20.13,220.77
2021-06-16,Olive,21.51,188.81
2021-06-23,Olive,20.58,148.65
2021-06-30,Olive,18.55,255.98
2021-07-07,Olive,18.89,346.46
2021-07-14,Olive,20.54,178.97
2021-07-21,Olive,19.36,184.48
2021-07-28,Olive,20.67,177.98
2021-08-04,Olive,21.69,251.1
2021-08-11,Olive,20.25,247.3
2021-08-18,Olive,19.56,308.46
2021-08-25,Olive,19.57,186.89
2021-09-01,Olive,21.51,163.06
2021-09-08,Olive,21.02,225.61
2021-09-15,Olive,20.07,257.22
2021-09-22,Olive,20.37,327.81
2021-09-29,Olive,20.23,241.39
2021-10-06,Olive,18.27,268.91
2021-10-13,Olive,19.94,293.82
2021-10-20,Olive,18.76,208.46
2021-10-27,Olive,18.18,213.57
2021-11-03,Olive,18.6,181.32
2021-11-10,Olive,19.35,320.93
2021-11-17,Olive,18.47,300.9
2021-11-24,Olive,19.73,276.8
2021-12-01,Olive,19.85,327.37
2021-12-08,Olive,19.59,211.09
2021-12-15,Olive,19.94,196.59
2021-12-22,Olive,19.34,219.84
2021-12-29,Olive,20.28,342.17
2022-01-05,Olive,20.66,175.48
2022-01-12,Olive,19.86,336.56
2022-01-19,Olive,21.66,183.16
2022-01-26,Olive,21.15,303.37
2022-02-02,Olive,21.98,290.17
2022-02-09,Olive,18.2,303.01
2022-02-16,Olive,20.96,263.22
2022-02-23,Olive,20.7,194.97
2022-03-02,Olive,18.54,284.61
2022-03-09,Olive,18.47,197.06
2022-03-16,Olive,18.42,332.97
2022-03-23,Olive,18.76,167.21
2022-03-30,Olive,18.24,209.6
2022-04-06,Olive,20.3,245.27
2022-04-13,Olive,18.93,208.61
2022-04-20,Olive,19.15,244.41
2022-04-27,Olive,21.13,171.03
2022-05-04,Olive,19.33,263.89
2022-05-11,Olive,19.25,234.13
2022-05-18,Olive,19.93,201.0
2022-05-25,Olive,21.08,240.16
2022-06-01,Olive,20.58,307.85
2022-06-08,Olive,19.46,206.89
2022-06-15,Olive,21.05,201.25
2022-06-22,Olive,21.04,328.03
2022-06-29,Olive,19.28,314.63
2022-07-06,Olive,19.08,223.15
2022-07-13,Olive,18.17,257.05
2022-07-20,Olive,21.24,289.67
2022-07-27,Olive,20.29,208.2
2022-08-03,Olive,21.33,193.44
2022-08-10,Olive,18.91,329.06
2022-08-17,Olive,18.88,223.7
2022-08-24,Olive,18.57,175.7
2022-08-31,Olive,21.55,188.08
2022-09-07,Olive,20.13,178.99
2022-09-14,Olive,20.92,241.55
2022-09-21,Olive,18.94,269.81
2022-09-28,Olive,20.27,166.74
2022-10-05,Olive,20.31,162.76
2022-10-12,Olive,18.44,197.47
2022-10-19,Olive,18.42,347.01
2022-10-26,Olive,20.47,326.49
2022-11-02,Olive,21.05,177.45
2022-11-09,Olive,18.2,241.07
2022-11-16,Olive,20.77,227.36
2022-11-23,Olive,19.17,167.5
2022-11-30,Olive,21.06,160.65
2022-12-07,Olive,20.53,212.9
2022-12-14,Olive,18.54,264.83
2022-12-21,Olive,20.76,224.77
2022-12-28,Olive,18.71,273.23
2023-01-04,Olive,18.98,203.76
2023-01-11,Olive,18.16,209.85
2023-01-18,Olive,18.82,173.35
2023-01-25,Olive,20.98,252.87
2023-02-01,Olive,18.49,230.98
2023-02-08,Olive,18.03,187.13
2023-02-15,Olive,19.93,227.0
2023-02-22,Olive,18.89,289.18
2023-03-01,Olive,21.08,279.97
2023-03-08,Olive,20.6,296.46
2023-03-15,Olive,19.94,277.88
2023-03-22,Olive,20.17,313.44
2023-03-29,Olive,20.22,337.76
2023-04-05,Olive,19.89,216.89
2023-04-12,Olive,21.11,225.4
2023-04-19,Olive,20.14,208.03
2023-04-26,Olive,19.6,199.01
2023-05-03,Olive,18.27,355.23
2023-05-10,Olive,20.28,257.29
2023-05-17,Olive,21.05,255.67
2023-05-24,Olive,20.52,213.46
2023-05-31,Olive,21.59,231.24
2023-06-07,Olive,18.97,207.06
2023-06-14,Olive,18.12,233.47
2023-06-21,Olive,20.12,227.44
2023-06-28,Olive,18.72,316.28
2023-07-05,Olive,19.42,328.18
2023-07-12,Olive,19.55,200.51
2023-07-19,Olive,21.23,162.09
2023-07-26,Olive,18.59,348.54
2023-08-02,Olive,19.34,329.88
2023-08-09,Olive,20.81,323.79
2023-08-16,Olive,21.46,282.09
2023-08-23,Olive,19.04,192.63
2023-08-30,Olive,18.9,244.11
2023-09-06,Olive,19.25,358.19
2023-09-13,Olive,18.15,305.01
2023-09-20,Olive,20.18,219.46
2023-09-27,Olive,20.59,299.21
2023-10-04,Olive,19.59,340.81
2023-10-11,Olive,18.08,323.12
2023-10-18,Olive,18.03,366.13
2023-10-25,Olive,21.3,209.05
2023-11-01,Olive,19.8,208.12
2023-11-08,Olive,20.96,290.26
2023-11-15,Olive,18.37,208.19
2023-11-22,Olive,19.2,307.79
2023-11-29,Olive,19.67,280.99
2023-12-06,Olive,19.52,180.4
2023-12-13,Olive,19.42,220.91
2023-12-20,Olive,19.9,313.99
2020-01-01,Wheat,4.17,1216.66
2020-01-08,Wheat,4.72,1117.05
2020-01-15,Wheat,4.86,1114.6
2020-01-22,Wheat,6.41,732.91
2020-01-29,Wheat,4.62,1144.62
2020-02-05,Wheat,4.12,1308.18
2020-02-12,Wheat,6.05,753.5
2020-02-19,Wheat,5.84,831.42
2020-02-26,Wheat,6.52,687.77
2020-03-04,Wheat,3.7,1269.74
2020-03-11,Wheat,3.6,1324.81
2020-03-18,Wheat,6.75,809.92
2020-03-25,Wheat,6.82,808.62
2020-04-01,Wheat,5.19,926.22
2020-04-08,Wheat,5.13,928.45
2020-04-15,Wheat,3.94,1241.34
2020-04-22,Wheat,5.11,964.78
2020-04-29,Wheat,4.7,1112.08
2020-05-06,Wheat,4.12,1242.82
2020-05-13,Wheat,6.87,771.11
2020-05-20,Wheat,6.98,637.56
2020-05-27,Wheat,6.48,859.73
2020-06-03,Wheat,4.27,1084.42
2020-06-10,Wheat,3.21,1525.13
2020-06-17,Wheat,3.14,1523.03
2020-06-24,Wheat,4.15,1211.26
2020-07-01,Wheat,4.2,1197.5
2020-07-08,Wheat,5.61,836.55
2020-07-15,Wheat,3.46,1399.82
2020-07-22,Wheat,3.69,1357.31
2020-07-29,Wheat,3.2,1596.73
2020-08-05,Wheat,5.32,877.91
2020-08-12,Wheat,6.54,851.17
2020-08-19,Wheat,3.78,1302.27
2020-08-26,Wheat,4.43,1031.1
2020-09-02,Wheat,5.72,816.56
2020-09-09,Wheat,4.52,1089.93
2020-09-16,Wheat,5.15,1001.02
2020-09-23,Wheat,6.9,735.16
2020-09-30,Wheat,6.49,788.36
2020-10-07,Wheat,6.32,884.76
2020-10-14,Wheat,3.08,1577.84
2020-10-21,Wheat,6.25,736.21
2020-10-28,Wheat,6.12,729.71
2020-11-04,Wheat,4.74,1060.04
2020-11-11,Wheat,5.33,998.32
2020-11-18,Wheat,6.43,703.86
2020-11-25,Wheat,5.59,876.45
2020-12-02,Wheat,3.14,1502.19
2020-12-09,Wheat,5.64,800.08
2020-12-16,Wheat,6.18,821.74
2020-12-23,Wheat,5.36,924.41
2020-12-30,Wheat,3.49,1487.95
2021-01-06,Wheat,5.93,778.72
2021-01-13,Wheat,6.48,703.34
2021-01-20,Wheat,5.09,909.44
2021-01-27,Wheat,6.02,914.56
2021-02-03,Wheat,3.97,1223.01
2021-02-10,Wheat,4.91,918.98
2021-02-17,Wheat,6.13,791.95
2021-02-24,Wheat,3.6,1480.46
2021-03-03,Wheat,6.45,810.36
2021-03-10,Wheat,5.29,973.5
2021-03-17,Wheat,5.6,840.57
2021-03-24,Wheat,4.56,1093.98
2021-03-31,Wheat,3.67,1409.58
2021-04-07,Wheat,5.52,840.15
2021-04-14,Wheat,3.06,1630.71
2021-04-21,Wheat,6.54,813.73
2021-04-28,Wheat,3.77,1227.65
2021-05-05,Wheat,4.69,1017.06
2021-05-12,Wheat,5.69,787.78
2021-05-19,Wheat,4.18,1207.69
2021-05-26,Wheat,6.79,732.61
2021-06-02,Wheat,3.4,1559.52
2021-06-09,Wheat,6.55,825.75
2021-06-16,Wheat,3.28,1583.78
2021-06-23,Wheat,6.91,648.66
2021-06-30,Wheat,3.55,1362.81
2021-07-07,Wheat,3.15,1500.7
2021-07-14,Wheat,5.52,972.46
2021-07-21,Wheat,6.6,721.77
2021-07-28,Wheat,5.89,921.09
2021-08-04,Wheat,3.85,1280.38
2021-08-11,Wheat,5.51,816.24
2021-08-18,Wheat,4.71,963.91
2021-08-25,Wheat,4.71,1025.47
2021-09-01,Wheat,6.06,923.55
2021-09-08,Wheat,6.88,650.73
2021-09-15,Wheat,5.49,870.95
2021-09-22,Wheat,3.63,1434.24
2021-09-29,Wheat,3.82,1250.93
2021-10-06,Wheat,3.64,1284.59
2021-10-13,Wheat,4.08,1320.35
2021-10-20,Wheat,6.42,738.03
2021-10-27,Wheat,3.92,1195.24
2021-11-03,Wheat,3.78,1238.48
2021-11-10,Wheat,6.36,706.65
2021-11-17,Wheat,6.14,828.9
2021-11-24,Wheat,6.81,710.06
2021-12-01,Wheat,4.73,1085.42
2021-12-08,Wheat,4.88,963.42
2021-12-15,Wheat,3.37,1565.77
2021-12-22,Wheat,6.37,684.85
2021-12-29,Wheat,3.43,1467.66
2022-01-05,Wheat,5.07,1010.66
2022-01-12,Wheat,3.98,1221.94
2022-01-19,Wheat,5.0,1014.01
2022-01-26,Wheat,4.79,1034.19
2022-02-02,Wheat,4.16,1215.88
2022-02-09,Wheat,3.94,1209.59
2022-02-16,Wheat,4.87,1019.5
2022-02-23,Wheat,5.61,862.71
2022-03-02,Wheat,6.8,782.96
2022-03-09,Wheat,3.32,1477.47
2022-03-16,Wheat,4.96,921.88
2022-03-23,Wheat,6.66,800.12
2022-03-30,Wheat,6.99,730.92
2022-04-06,Wheat,6.02,772.84
2022-04-13,Wheat,4.49,1177.81
2022-04-20,Wheat,5.59,821.64
2022-04-27,Wheat,6.35,752.46
2022-05-04,Wheat,5.92,890.15
2022-05-11,Wheat,6.97,809.77
2022-05-18,Wheat,6.35,823.65
2022-05-25,Wheat,3.57,1333.37
2022-06-01,Wheat,3.91,1285.95
2022-06-08,Wheat,6.63,853.33
2022-06-15,Wheat,4.74,987.36
2022-06-22,Wheat,5.69,833.48
2022-06-29,Wheat,5.33,1024.26
2022-07-06,Wheat,4.59,1172.18
2022-07-13,Wheat,4.06,1269.69
2022-07-20,Wheat,3.39,1434.65
2022-07-27,Wheat,3.28,1427.92
2022-08-03,Wheat,6.64,713.98
2022-08-10,Wheat,4.7,1156.01
2022-08-17,Wheat,4.4,1196.93
2022-08-24,Wheat,3.71,1270.54
2022-08-31,Wheat,4.21,1096.15
2022-09-07,Wheat,3.71,1370.69
2022-09-14,Wheat,6.84,642.02
2022-09-21,Wheat,3.71,1365.55
2022-09-28,Wheat,4.8,1081.37
2022-10-05,Wheat,3.05,1599.39
2022-10-12,Wheat,3.17,1487.16
2022-10-19,Wheat,5.86,892.19
2022-10-26,Wheat,5.13,1068.89
2022-11-02,Wheat,6.34,805.67
2022-11-09,Wheat,3.2,1481.71
2022-11-16,Wheat,6.75,705.17
2022-11-23,Wheat,3.33,1457.35
2022-11-30,Wheat,3.84,1241.09
2022-12-07,Wheat,5.82,896.77
2022-12-14,Wheat,6.4,687.8
2022-12-21,Wheat,3.31,1414.79
2022-12-28,Wheat,3.06,1557.4
2023-01-04,Wheat,4.81,1124.76
2023-01-11,Wheat,3.33,1522.18
2023-01-18,Wheat,6.07,772.8
2023-01-25,Wheat,3.52,1371.91
2023-02-01,Wheat,5.89,847.24
2023-02-08,Wheat,6.87,742.85
2023-02-15,Wheat,4.52,1129.57
2023-02-22,Wheat,4.33,1065.5
2023-03-01,Wheat,5.11,933.82
2023-03-08,Wheat,5.21,945.51
2023-03-15,Wheat,3.55,1420.11
2023-03-22,Wheat,4.42,1226.06
2023-03-29,Wheat,5.85,897.82
2023-04-05,Wheat,6.33,806.94
2023-04-12,Wheat,3.93,1231.24
2023-04-19,Wheat,6.26,792.98
2023-04-26,Wheat,6.18,852.81
2023-05-03,Wheat,6.87,630.28
2023-05-10,Wheat,5.95,820.76
2023-05-17,Wheat,4.8,1135.84
2023-05-24,Wheat,6.34,737.48
2023-05-31,Wheat,3.82,1249.84
2023-06-07,Wheat,3.92,1376.01
2023-06-14,Wheat,4.31,1167.03
2023-06-21,Wheat,4.23,1109.86
2023-06-28,Wheat,3.3,1489.18
2023-07-05,Wheat,6.01,838.55
2023-07-12,Wheat,4.1,1218.09
2023-07-19,Wheat,6.81,669.57
2023-07-26,Wheat,3.85,1329.97
2023-08-02,Wheat,6.12,910.22
2023-08-09,Wheat,5.83,783.62
2023-08-16,Wheat,5.25,957.96
2023-08-23,Wheat,4.15,1277.23
2023-08-30,Wheat,6.34,862.12
2023-09-06,Wheat,3.22,1540.04
2023-09-13,Wheat,3.24,1594.84
2023-09-20,Wheat,5.1,988.68
2023-09-27,Wheat,6.91,741.7
2023-10-04,Wheat,3.16,1611.59
2023-10-11,Wheat,6.89,682.04
2023-10-18,Wheat,5.44,913.26
2023-10-25,Wheat,3.76,1428.76
2023-11-01,Wheat,5.15,1063.06
2023-11-08,Wheat,6.29,862.71
2023-11-15,Wheat,6.69,696.93
2023-11-22,Wheat,5.42,946.38
2023-11-29,Wheat,4.04,1311.6
2023-12-06,Wheat,5.0,1095.25
2023-12-13,Wheat,6.44,842.22
2023-12-20,Wheat,5.55,967.69
2020-01-01,Dates,20.63,336.4
2020-01-08,Dates,19.44,242.62
2020-01-15,Dates,20.36,221.02
2020-01-22,Dates,20.94,310.63
2020-01-29,Dates,20.67,267.51
2020-02-05,Dates,20.62,202.5
2020-02-12,Dates,19.42,259.83
2020-02-19,Dates,18.79,257.98
2020-02-26,Dates,20.65,273.99
2020-03-04,Dates,18.66,362.8
2020-03-11,Dates,18.95,196.08
2020-03-18,Dates,19.24,194.21
2020-03-25,Dates,20.76,155.17
2020-04-01,Dates,18.17,355.88
2020-04-08,Dates,18.7,172.51
2020-04-15,Dates,21.91,268.54
2020-04-22,Dates,21.81,301.07
2020-04-29,Dates,18.41,202.26
2020-05-06,Dates,19.73,330.4
2020-05-13,Dates,21.57,133.49
2020-05-20,Dates,20.93,316.56
2020-05-27,Dates,19.4,340.6
2020-06-03,Dates,18.5,200.89
2020-06-10,Dates,19.51,209.66
2020-06-17,Dates,20.79,220.32
2020-06-24,Dates,21.66,219.3
2020-07-01,Dates,19.79,248.72
2020-07-08,Dates,20.24,310.91
2020-07-15,Dates,20.24,221.2
2020-07-22,Dates,21.38,273.74
2020-07-29,Dates,21.66,256.18
2020-08-05,Dates,19.52,212.71
2020-08-12,Dates,18.19,258.6
2020-08-19,Dates,19.77,294.5
2020-08-26,Dates,20.42,184.12
2020-09-02,Dates,19.83,246.95
2020-09-09,Dates,21.42,142.81
2020-09-16,Dates,19.49,267.01
2020-09-23,Dates,18.4,363.22
2020-09-30,Dates,18.04,361.06
2020-10-07,Dates,18.96,350.02
2020-10-14,Dates,20.99,254.69
2020-10-21,Dates,20.38,288.98
2020-10-28,Dates,19.07,205.6
2020-11-04,Dates,19.52,320.41
2020-11-11,Dates,20.92,143.01
2020-11-18,Dates,21.96,182.88
2020-11-25,Dates,18.71,271.24
2020-12-02,Dates,18.39,302.35
2020-12-09,Dates,21.05,204.25
2020-12-16,Dates,19.59,315.19
2020-12-23,Dates,20.75,192.64
2020-12-30,Dates,20.06,195.52
2021-01-06,Dates,19.86,298.27
2021-01-13,Dates,21.32,141.81
2021-01-20,Dates,19.66,253.44
2021-01-27,Dates,21.95,189.61
2021-02-03,Dates,20.04,238.55
2021-02-10,Dates,20.1,222.16
2021-02-17,Dates,20.38,255.33
2021-02-24,Dates,18.73,231.48
2021-03-03,Dates,19.95,277.52
2021-03-10,Dates,18.93,190.55
2021-03-17,Dates,18.66,355.78
2021-03-24,Dates,21.05,256.12
2021-03-31,Dates,20.15,331.62
2021-04-07,Dates,21.64,276.38
2021-04-14,Dates,20.23,211.11
2021-04-21,Dates,21.72,249.3
2021-04-28,Dates,18.81,173.69
2021-05-05,Dates,21.64,300.58
2021-05-12,Dates,21.99,215.84
2021-05-19,Dates,19.16,277.1
2021-05-26,Dates,19.91,293.93
2021-06-02,Dates,21.45,281.27
2021-06-09,Dates,19.52,236.15
2021-06-16,Dates,20.13,193.31
2021-06-23,Dates,21.91,303.19
2021-06-30,Dates,19.87,304.94
2021-07-07,Dates,19.73,315.81
2021-07-14,Dates,20.52,296.55
2021-07-21,Dates,19.98,237.29
2021-07-28,Dates,18.98,357.26
2021-08-04,Dates,19.6,166.07
2021-08-11,Dates,20.67,211.06
2021-08-18,Dates,21.64,232.78
2021-08-25,Dates,19.78,219.47
2021-09-01,Dates,20.83,144.0
2021-09-08,Dates,20.21,295.56
2021-09-15,Dates,20.77,268.12
2021-09-22,Dates,19.54,345.72
2021-09-29,Dates,21.39,197.28
2021-10-06,Dates,18.97,297.56
2021-10-13,Dates,20.27,289.24
2021-10-20,Dates,18.05,253.53
2021-10-27,Dates,19.44,179.91
2021-11-03,Dates,18.31,230.21
2021-11-10,Dates,19.52,326.0
2021-11-17,Dates,21.59,164.24
2021-11-24,Dates,19.41,345.03
2021-12-01,Dates,20.86,192.64
2021-12-08,Dates,20.27,220.84
2021-12-15,Dates,18.48,225.49
2021-12-22,Dates,21.81,250.08
2021-12-29,Dates,19.45,226.94
2022-01-05,Dates,20.7,164.35
2022-01-12,Dates,19.25,311.95
2022-01-19,Dates,18.09,206.95
2022-01-26,Dates,18.68,347.66
2022-02-02,Dates,18.61,243.69
2022-02-09,Dates,20.34,297.35
2022-02-16,Dates,21.28,193.73
2022-02-23,Dates,21.54,213.3
2022-03-02,Dates,21.72,198.17
2022-03-09,Dates,19.78,220.26
2022-03-16,Dates,21.68,144.23
2022-03-23,Dates,18.22,174.64
2022-03-30,Dates,18.7,271.37
2022-04-06,Dates,21.25,196.11
2022-04-13,Dates,19.25,309.05
2022-04-20,Dates,20.29,218.95
2022-04-27,Dates,21.92,135.26
2022-05-04,Dates,19.51,199.9
2022-05-11,Dates,18.02,225.33
2022-05-18,Dates,20.54,218.64
2022-05-25,Dates,20.43,155.07
2022-06-01,Dates,21.85,225.97
2022-06-08,Dates,19.55,214.17
2022-06-15,Dates,21.1,198.79
2022-06-22,Dates,21.08,289.92
2022-06-29,Dates,18.86,275.31
2022-07-06,Dates,19.26,342.11
2022-07-13,Dates,20.81,143.36
2022-07-20,Dates,20.05,320.38
2022-07-27,Dates,20.0,214.03
2022-08-03,Dates,21.29,296.38
2022-08-10,Dates,21.72,305.93
2022-08-17,Dates,21.61,258.8
2022-08-24,Dates,19.05,206.39
2022-08-31,Dates,19.9,347.7
2022-09-07,Dates,18.37,221.83
2022-09-14,Dates,21.62,166.86
2022-09-21,Dates,19.57,290.42
2022-09-28,Dates,20.51,174.33
2022-10-05,Dates,18.05,235.62
2022-10-12,Dates,20.5,210.26
2022-10-19,Dates,19.29,231.21
2022-10-26,Dates,18.36,285.06
2022-11-02,Dates,18.99,261.27
2022-11-09,Dates,20.74,273.86
2022-11-16,Dates,20.53,145.1
2022-11-23,Dates,20.33,294.29
2022-11-30,Dates,18.51,270.67
2022-12-07,Dates,18.41,365.57
2022-12-14,Dates,18.03,261.43
2022-12-21,Dates,21.1,278.73
2022-12-28,Dates,18.72,221.81
2023-01-04,Dates,19.71,330.62
2023-01-11,Dates,21.83,204.36
2023-01-18,Dates,19.71,263.71
2023-01-25,Dates,21.34,238.64
2023-02-01,Dates,21.69,283.99
2023-02-08,Dates,21.41,276.69
2023-02-15,Dates,21.25,179.03
2023-02-22,Dates,18.7,221.76
2023-03-01,Dates,19.49,233.84
2023-03-08,Dates,20.24,219.71
2023-03-15,Dates,20.15,193.24
2023-03-22,Dates,19.36,356.87
2023-03-29,Dates,22.0,141.69
2023-04-05,Dates,21.87,263.87
2023-04-12,Dates,20.96,200.83
2023-04-19,Dates,20.89,201.92
2023-04-26,Dates,18.2,294.21
2023-05-03,Dates,20.73,191.32
2023-05-10,Dates,21.24,242.23
2023-05-17,Dates,21.27,261.87
2023-05-24,Dates,21.55,145.83
2023-05-31,Dates,20.39,178.51
2023-06-07,Dates,18.07,332.65
2023-06-14,Dates,19.33,176.54
2023-06-21,Dates,21.62,179.65
2023-06-28,Dates,21.18,152.07
2023-07-05,Dates,19.49,162.05
2023-07-12,Dates,18.49,196.31
2023-07-19,Dates,21.98,245.7
2023-07-26,Dates,19.32,311.55
2023-08-02,Dates,18.8,192.92
2023-08-09,Dates,18.77,311.08
2023-08-16,Dates,21.77,149.94
2023-08-23,Dates,20.51,193.32
2023-08-30,Dates,21.64,272.68
2023-09-06,Dates,18.46,366.25
2023-09-13,Dates,20.87,316.42
2023-09-20,Dates,19.23,173.37
2023-09-27,Dates,21.62,138.25
2023-10-04,Dates,20.83,186.37
2023-10-11,Dates,19.33,247.42
2023-10-18,Dates,21.22,320.86
2023-10-25,Dates,21.82,239.78
2023-11-01,Dates,18.85,315.44
2023-11-08,Dates,19.46,214.65
2023-11-15,Dates,21.13,322.1
2023-11-22,Dates,21.69,225.17
2023-11-29,Dates,20.64,242.25
2023-12-06,Dates,19.71,348.15
2023-12-13,Dates,19.56,250.09
2023-12-20,Dates,20.71,232.75
2020-01-01,Tomato,8.5,585.62
2020-01-08,Tomato,9.63,464.1
2020-01-15,Tomato,7.39,691.57
2020-01-22,Tomato,8.46,546.27
2020-01-29,Tomato,6.87,678.07
2020-02-05,Tomato,5.73,828.41
2020-02-12,Tomato,8.95,527.62
2020-02-19,Tomato,5.55,913.6
2020-02-26,Tomato,6.17,742.71
2020-03-04,Tomato,6.79,675.23
2020-03-11,Tomato,7.48,705.07
2020-03-18,Tomato,8.22,553.86
2020-03-25,Tomato,8.93,617.23
2020-04-01,Tomato,5.61,988.27
2020-04-08,Tomato,7.77,558.08
2020-04-15,Tomato,8.64,489.6
2020-04-22,Tomato,8.85,502.89
2020-04-29,Tomato,6.13,791.57
2020-05-06,Tomato,7.04,751.44
2020-05-13,Tomato,6.67,651.58
2020-05-20,Tomato,7.31,705.98
2020-05-27,Tomato,9.5,619.77
2020-06-03,Tomato,9.01,577.5
2020-06-10,Tomato,9.22,536.42
2020-06-17,Tomato,8.62,637.76
2020-06-24,Tomato,9.42,460.95
2020-07-01,Tomato,13.42,392.2
2020-07-08,Tomato,9.96,433.15
2020-07-15,Tomato,11.88,324.71
2020-07-22,Tomato,11.58,494.68
2020-07-29,Tomato,12.98,444.64
2020-08-05,Tomato,10.86,447.3
2020-08-12,Tomato,12.41,447.01
2020-08-19,Tomato,12.11,326.97
2020-08-26,Tomato,11.38,378.95
2020-09-02,Tomato,12.76,409.08
2020-09-09,Tomato,14.73,309.64
2020-09-16,Tomato,12.74,414.86
2020-09-23,Tomato,13.81,397.52
2020-09-30,Tomato,11.9,396.33
2020-10-07,Tomato,12.0,351.76
2020-10-14,Tomato,12.7,386.48
2020-10-21,Tomato,13.82,286.5
2020-10-28,Tomato,13.14,472.35
2020-11-04,Tomato,12.21,404.76
2020-11-11,Tomato,10.07,569.55
2020-11-18,Tomato,11.96,478.86
2020-11-25,Tomato,11.44,351.58
2020-12-02,Tomato,10.73,432.76
2020-12-09,Tomato,9.17,472.49
2020-12-16,Tomato,11.53,349.17
2020-12-23,Tomato,11.74,336.5
2020-12-30,Tomato,10.96,466.91
2021-01-06,Tomato,8.28,535.03
2021-01-13,Tomato,8.88,570.14
2021-01-20,Tomato,8.59,563.41
2021-01-27,Tomato,8.8,511.31
2021-02-03,Tomato,9.06,500.51
2021-02-10,Tomato,8.59,546.86
2021-02-17,Tomato,9.39,588.73
2021-02-24,Tomato,7.4,733.59
2021-03-03,Tomato,7.77,579.11
2021-03-10,Tomato,8.07,693.13
2021-03-17,Tomato,6.21,778.6
2021-03-24,Tomato,7.21,725.96
2021-03-31,Tomato,8.6,563.15
2021-04-07,Tomato,8.95,641.73
2021-04-14,Tomato,5.93,795.09
2021-04-21,Tomato,8.79,621.39
2021-04-28,Tomato,8.06,523.47
2021-05-05,Tomato,8.03,619.95
2021-05-12,Tomato,7.48,581.95
2021-05-19,Tomato,10.3,541.69
2021-05-26,Tomato,10.48,425.15
2021-06-02,Tomato,11.63,511.87
2021-06-09,Tomato,8.49,642.5
2021-06-16,Tomato,9.02,482.66
2021-06-23,Tomato,10.63,567.31
2021-06-30,Tomato,9.55,541.37
2021-07-07,Tomato,10.54,568.92
2021-07-14,Tomato,12.05,358.6
2021-07-21,Tomato,11.73,475.33
2021-07-28,Tomato,9.54,555.87
2021-08-04,Tomato,14.55,432.73
2021-08-11,Tomato,14.37,275.38
2021-08-18,Tomato,13.89,405.99
2021-08-25,Tomato,13.72,391.06
2021-09-01,Tomato,14.64,421.22
2021-09-08,Tomato,12.88,474.73
2021-09-15,Tomato,13.82,335.99
2021-09-22,Tomato,13.5,367.36
2021-09-29,Tomato,11.75,500.13
2021-10-06,Tomato,10.88,450.8
2021-10-13,Tomato,10.99,385.66
2021-10-20,Tomato,14.39,379.44
2021-10-27,Tomato,11.59,373.92
2021-11-03,Tomato,11.25,407.14
2021-11-10,Tomato,9.78,516.79
2021-11-17,Tomato,9.51,551.68
2021-11-24,Tomato,10.66,436.85
2021-12-01,Tomato,10.38,520.97
2021-12-08,Tomato,9.35,459.33
2021-12-15,Tomato,10.83,371.27
2021-12-22,Tomato,8.24,519.49
2021-12-29,Tomato,10.36,575.93
2022-01-05,Tomato,10.12,450.1
2022-01-12,Tomato,8.63,621.06
2022-01-19,Tomato,9.02,458.47
2022-01-26,Tomato,7.31,617.2
2022-02-02,Tomato,6.54,709.46
2022-02-09,Tomato,8.07,690.96
2022-02-16,Tomato,9.19,528.81
2022-02-23,Tomato,6.69,790.23
2022-03-02,Tomato,8.6,630.62
2022-03-09,Tomato,6.57,691.7
2022-03-16,Tomato,5.61,849.62
2022-03-23,Tomato,7.71,652.99
2022-03-30,Tomato,8.4,574.0
2022-04-06,Tomato,8.42,572.55
2022-04-13,Tomato,8.45,542.06
2022-04-20,Tomato,8.13,573.06
2022-04-27,Tomato,6.96,629.17
2022-05-04,Tomato,6.93,738.41
2022-05-11,Tomato,8.63,509.5
2022-05-18,Tomato,8.26,565.31
2022-05-25,Tomato,9.86,518.94
2022-06-01,Tomato,8.1,581.87
2022-06-08,Tomato,11.11,431.24
2022-06-15,Tomato,9.7,452.91
2022-06-22,Tomato,8.57,667.06
2022-06-29,Tomato,11.13,359.44
2022-07-06,Tomato,11.68,402.65
2022-07-13,Tomato,10.49,395.36
2022-07-20,Tomato,9.83,447.94
2022-07-27,Tomato,12.11,343.37
2022-08-03,Tomato,10.95,419.69
2022-08-10,Tomato,13.47,454.05
2022-08-17,Tomato,11.63,390.14
2022-08-24,Tomato,14.46,315.73
2022-08-31,Tomato,11.48,453.75
2022-09-07,Tomato,11.44,446.19
2022-09-14,Tomato,13.53,412.3
2022-09-21,Tomato,11.71,459.27
2022-09-28,Tomato,12.58,450.4
2022-10-05,Tomato,11.42,432.15
2022-10-12,Tomato,12.82,441.07
2022-10-19,Tomato,12.41,368.53
2022-10-26,Tomato,14.34,445.23
2022-11-02,Tomato,9.59,592.07
2022-11-09,Tomato,12.64,333.07
2022-11-16,Tomato,13.04,444.42
2022-11-23,Tomato,10.99,484.77
2022-11-30,Tomato,12.68,462.39
2022-12-07,Tomato,10.42,440.31
2022-12-14,Tomato,11.57,430.37
2022-12-21,Tomato,8.35,558.22
2022-12-28,Tomato,8.16,639.63
2023-01-04,Tomato,10.31,453.83
2023-01-11,Tomato,9.59,520.81
2023-01-18,Tomato,8.25,572.98
2023-01-25,Tomato,10.1,441.16
2023-02-01,Tomato,7.99,707.68
2023-02-08,Tomato,8.09,664.96
2023-02-15,Tomato,5.63,916.24
2023-02-22,Tomato,8.15,519.5
2023-03-01,Tomato,7.34,694.92
2023-03-08,Tomato,8.57,548.74
2023-03-15,Tomato,7.88,542.45
2023-03-22,Tomato,5.05,1087.86
2023-03-29,Tomato,6.11,744.94
2023-04-05,Tomato,8.78,667.33
2023-04-12,Tomato,8.05,639.34
2023-04-19,Tomato,6.29,862.75
2023-04-26,Tomato,8.54,570.65
2023-05-03,Tomato,9.51,557.92
2023-05-10,Tomato,10.07,513.85
2023-05-17,Tomato,9.71,558.37
2023-05-24,Tomato,10.08,405.05
2023-05-31,Tomato,9.2,587.64
2023-06-07,Tomato,9.33,614.06
2023-06-14,Tomato,10.41,384.3
2023-06-21,Tomato,9.73,531.57
2023-06-28,Tomato,9.28,591.74
2023-07-05,Tomato,9.69,423.41
2023-07-12,Tomato,13.4,466.66
2023-07-19,Tomato,12.96,286.59
2023-07-26,Tomato,10.25,438.66
2023-08-02,Tomato,10.74,494.86
2023-08-09,Tomato,11.49,349.19
2023-08-16,Tomato,12.59,451.86
2023-08-23,Tomato,13.57,315.58
2023-08-30,Tomato,12.46,360.2
2023-09-06,Tomato,14.68,252.88
2023-09-13,Tomato,11.99,367.66
2023-09-20,Tomato,12.49,438.73
2023-09-27,Tomato,11.24,501.5
2023-10-04,Tomato,11.75,517.51
2023-10-11,Tomato,13.19,415.43
2023-10-18,Tomato,12.04,460.46
2023-10-25,Tomato,13.69,282.21
2023-11-01,Tomato,10.75,399.02
2023-11-08,Tomato,12.79,361.36
2023-11-15,Tomato,10.41,492.93
2023-11-22,Tomato,10.43,468.53
2023-11-29,Tomato,9.57,444.79
2023-12-06,Tomato,11.63,442.84
2023-12-13,Tomato,10.73,549.03
2023-12-20,Tomato,9.52,604.62
2020-01-01,Cucumber,8.48,684.5
2020-01-08,Cucumber,9.11,589.8
2020-01-15,Cucumber,8.03,626.59
2020-01-22,Cucumber,11.38,453.01
2020-01-29,Cucumber,11.37,415.85
2020-02-05,Cucumber,10.68,530.61
2020-02-12,Cucumber,10.6,421.97
2020-02-19,Cucumber,9.08,596.3
2020-02-26,Cucumber,9.04,459.92
2020-03-04,Cucumber,10.85,423.87
2020-03-11,Cucumber,11.58,452.1
2020-03-18,Cucumber,9.14,504.55
2020-03-25,Cucumber,8.03,721.36
2020-04-01,Cucumber,10.0,484.7
2020-04-08,Cucumber,8.63,538.83
2020-04-15,Cucumber,8.05,611.42
2020-04-22,Cucumber,9.26,583.39
2020-04-29,Cucumber,8.69,554.2
2020-05-06,Cucumber,9.75,456.07
2020-05-13,Cucumber,10.31,393.73
2020-05-20,Cucumber,11.32,360.33
2020-05-27,Cucumber,10.33,578.25
2020-06-03,Cucumber,10.38,445.54
2020-06-10,Cucumber,9.21,601.3
2020-06-17,Cucumber,11.49,484.53
2020-06-24,Cucumber,10.51,510.13
2020-07-01,Cucumber,10.51,495.02
2020-07-08,Cucumber,10.4,517.73
2020-07-15,Cucumber,8.27,586.98
2020-07-22,Cucumber,10.77,556.16
2020-07-29,Cucumber,9.34,523.64
2020-08-05,Cucumber,8.13,619.35
2020-08-12,Cucumber,9.95,442.39
2020-08-19,Cucumber,8.28,588.92
2020-08-26,Cucumber,9.99,508.26
2020-09-02,Cucumber,11.61,491.17
2020-09-09,Cucumber,10.44,452.84
2020-09-16,Cucumber,8.09,548.19
2020-09-23,Cucumber,11.47,424.21
2020-09-30,Cucumber,9.78,516.61
2020-10-07,Cucumber,9.69,491.34
2020-10-14,Cucumber,9.26,588.23
2020-10-21,Cucumber,11.63,441.88
2020-10-28,Cucumber,9.08,542.91
2020-11-04,Cucumber,11.81,366.15
2020-11-11,Cucumber,10.82,400.86
2020-11-18,Cucumber,11.03,526.41
2020-11-25,Cucumber,9.62,475.66
2020-12-02,Cucumber,8.98,627.78
2020-12-09,Cucumber,9.34,462.7
2020-12-16,Cucumber,11.49,465.0
2020-12-23,Cucumber,9.76,521.38
2020-12-30,Cucumber,8.65,600.48
2021-01-06,Cucumber,8.65,525.6
2021-01-13,Cucumber,11.31,451.36
2021-01-20,Cucumber,8.8,557.54
2021-01-27,Cucumber,8.66,577.48
2021-02-03,Cucumber,11.48,433.99
2021-02-10,Cucumber,10.3,406.37
2021-02-17,Cucumber,8.68,540.66
2021-02-24,Cucumber,9.6,461.08
2021-03-03,Cucumber,9.64,509.97
2021-03-10,Cucumber,8.08,705.19
2021-03-17,Cucumber,9.15,608.71
2021-03-24,Cucumber,11.55,488.23
2021-03-31,Cucumber,11.42,511.7
2021-04-07,Cucumber,9.8,503.87
2021-04-14,Cucumber,11.05,389.82
2021-04-21,Cucumber,11.36,526.46
2021-04-28,Cucumber,9.43,581.84
2021-05-05,Cucumber,9.56,602.48
2021-05-12,Cucumber,8.7,573.9
2021-05-19,Cucumber,10.95,507.73
2021-05-26,Cucumber,11.9,473.42
2021-06-02,Cucumber,11.44,434.75
2021-06-09,Cucumber,8.61,667.44
2021-06-16,Cucumber,9.46,475.32
2021-06-23,Cucumber,8.59,633.06
2021-06-30,Cucumber,8.88,612.62
2021-07-07,Cucumber,11.6,443.43
2021-07-14,Cucumber,10.89,430.5
2021-07-21,Cucumber,9.16,557.84
2021-07-28,Cucumber,11.25,355.09
2021-08-04,Cucumber,11.74,405.03
2021-08-11,Cucumber,11.55,375.87
2021-08-18,Cucumber,8.95,461.48
2021-08-25,Cucumber,10.54,525.01
2021-09-01,Cucumber,9.67,506.89
2021-09-08,Cucumber,9.52,583.52
2021-09-15,Cucumber,11.83,522.5
2021-09-22,Cucumber,8.34,663.96
2021-09-29,Cucumber,10.82,553.72
2021-10-06,Cucumber,10.38,446.82
2021-10-13,Cucumber,11.64,350.48
2021-10-20,Cucumber,8.19,619.98
2021-10-27,Cucumber,10.44,521.26
2021-11-03,Cucumber,10.57,450.09
2021-11-10,Cucumber,10.33,550.93
2021-11-17,Cucumber,8.32,662.73
2021-11-24,Cucumber,9.71,504.7
2021-12-01,Cucumber,11.02,484.37
2021-12-08,Cucumber,9.8,452.53
2021-12-15,Cucumber,8.14,636.96
2021-12-22,Cucumber,9.05,473.86
2021-12-29,Cucumber,10.52,411.02
2022-01-05,Cucumber,9.73,496.22
2022-01-12,Cucumber,10.23,574.3
2022-01-19,Cucumber,8.06,644.88
2022-01-26,Cucumber,10.8,455.14
2022-02-02,Cucumber,8.54,661.43
2022-02-09,Cucumber,10.31,491.15
2022-02-16,Cucumber,11.36,514.28
2022-02-23,Cucumber,10.88,449.21
2022-03-02,Cucumber,10.44,563.34
2022-03-09,Cucumber,10.36,437.03
2022-03-16,Cucumber,8.43,685.18
2022-03-23,Cucumber,11.51,373.72
2022-03-30,Cucumber,8.31,628.31
2022-04-06,Cucumber,11.33,490.43
2022-04-13,Cucumber,9.76,430.21
2022-04-20,Cucumber,8.27,514.61
2022-04-27,Cucumber,10.19,539.79
2022-05-04,Cucumber,11.22,444.25
2022-05-11,Cucumber,10.06,548.95
2022-05-18,Cucumber,10.1,531.31
2022-05-25,Cucumber,11.14,380.02
2022-06-01,Cucumber,8.66,485.34
2022-06-08,Cucumber,9.11,500.94
2022-06-15,Cucumber,9.45,442.09
2022-06-22,Cucumber,10.98,517.6
2022-06-29,Cucumber,10.07,446.39
2022-07-06,Cucumber,9.32,599.35
2022-07-13,Cucumber,11.63,442.83
2022-07-20,Cucumber,9.62,426.83
2022-07-27,Cucumber,10.55,541.48
2022-08-03,Cucumber,8.45,502.88
2022-08-10,Cucumber,11.17,450.17
2022-08-17,Cucumber,10.23,533.95
2022-08-24,Cucumber,9.74,434.93
2022-08-31,Cucumber,9.43,527.11
2022-09-07,Cucumber,9.03,486.89
2022-09-14,Cucumber,10.25,431.52
2022-09-21,Cucumber,9.48,541.51
2022-09-28,Cucumber,11.6,374.31
2022-10-05,Cucumber,11.29,471.27
2022-10-12,Cucumber,8.33,501.67
2022-10-19,Cucumber,8.34,626.49
2022-10-26,Cucumber,11.94,448.14
2022-11-02,Cucumber,9.91,516.56
2022-11-09,Cucumber,11.43,453.44
2022-11-16,Cucumber,8.61,539.19
2022-11-23,Cucumber,10.13,564.21
2022-11-30,Cucumber,9.56,570.16
2022-12-07,Cucumber,11.92,340.25
2022-12-14,Cucumber,10.96,431.25
2022-12-21,Cucumber,9.28,482.99
2022-12-28,Cucumber,9.88,513.23
2023-01-04,Cucumber,9.51,625.43
2023-01-11,Cucumber,9.76,573.08
2023-01-18,Cucumber,10.2,479.94
2023-01-25,Cucumber,11.32,421.78
2023-02-01,Cucumber,11.43,442.83
2023-02-08,Cucumber,9.07,547.84
2023-02-15,Cucumber,8.58,655.16
2023-02-22,Cucumber,9.13,486.53
2023-03-01,Cucumber,9.86,548.38
2023-03-08,Cucumber,9.93,565.12
2023-03-15,Cucumber,10.36,468.39
2023-03-22,Cucumber,9.83,563.69
2023-03-29,Cucumber,11.27,410.4
2023-04-05,Cucumber,9.15,506.22
2023-04-12,Cucumber,10.77,450.7
2023-04-19,Cucumber,9.45,474.85
2023-04-26,Cucumber,9.51,477.05
2023-05-03,Cucumber,10.39,396.51
2023-05-10,Cucumber,11.51,397.78
2023-05-17,Cucumber,10.61,557.83
2023-05-24,Cucumber,10.53,415.03
2023-05-31,Cucumber,11.8,338.18
2023-06-07,Cucumber,11.05,513.88
2023-06-14,Cucumber,8.68,636.53
2023-06-21,Cucumber,11.78,443.72
2023-06-28,Cucumber,11.2,437.91
2023-07-05,Cucumber,9.36,466.17
2023-07-12,Cucumber,10.8,376.8
2023-07-19,Cucumber,9.66,617.32
2023-07-26,Cucumber,11.99,340.32
2023-08-02,Cucumber,11.04,376.26
2023-08-09,Cucumber,9.38,458.54
2023-08-16,Cucumber,9.9,523.21
2023-08-23,Cucumber,10.11,501.42
2023-08-30,Cucumber,9.94,528.86
2023-09-06,Cucumber,8.33,551.6
2023-09-13,Cucumber,11.87,382.29
2023-09-20,Cucumber,10.91,505.2
2023-09-27,Cucumber,8.69,584.15
2023-10-04,Cucumber,11.18,383.24
2023-10-11,Cucumber,8.06,629.82
2023-10-18,Cucumber,11.03,441.92
2023-10-25,Cucumber,9.72,585.17
2023-11-01,Cucumber,11.96,497.03
2023-11-08,Cucumber,9.87,417.56
2023-11-15,Cucumber,8.69,545.5
2023-11-22,Cucumber,10.69,369.31
2023-11-29,Cucumber,11.93,420.82
2023-12-06,Cucumber,11.29,485.31
2023-12-13,Cucumber,9.55,611.91
2023-12-20,Cucumber,11.49,398.57
