District,N,P,K,ph,Crop,Yield_Ton
Tubas,71.0,54.0,16.0,5.7499144210000015,Maize,2.65
Tubas,61.0,44.0,17.0,6.931756557999999,Maize,3.01
Tubas,80.0,43.0,16.0,6.657964753,Maize,3.08
Tubas,73.0,58.0,21.0,6.596060648,Maize,2.44
Tubas,61.0,38.0,20.0,5.970458434,Maize,2.17
Tubas,68.0,41.0,16.0,6.158830619,Maize,3.14
Tubas,93.0,41.0,17.0,6.047906679,Maize,2.65
Tubas,89.0,60.0,19.0,5.913664501,Maize,2.98
Tubas,76.0,44.0,17.0,5.855442401,Maize,2.18
Tubas,67.0,60.0,25.0,5.750254943,Maize,2.63
Tubas,70.0,44.0,19.0,5.852607099,Maize,2.94
Tubas,90.0,49.0,21.0,6.4725232870000005,Maize,2.45
Tubas,62.0,52.0,16.0,6.9670577620000005,Maize,2.11
Tubas,92.0,44.0,16.0,6.082973754,Maize,2.4
Tubas,66.0,54.0,21.0,5.919045532,Maize,2.4
Tubas,63.0,58.0,22.0,6.204747652999999,Maize,2.23
Tubas,70.0,47.0,17.0,6.600827017,Maize,2.27
Tubas,61.0,41.0,17.0,6.021902237000001,Maize,3.01
Tubas,66.0,53.0,19.0,6.033550195,Maize,2.65
Tubas,74.0,55.0,19.0,6.28886807,Maize,2.41
Tubas,77.0,57.0,21.0,6.550563822999999,Maize,2.66
Tubas,99.0,50.0,15.0,5.573286437,Maize,3.1
Tubas,74.0,56.0,22.0,6.829199275,Maize,2.91
Tubas,83.0,45.0,21.0,5.716222912,Maize,2.19
Tubas,100.0,48.0,16.0,5.54990242,Maize,2.82
Tubas,79.0,51.0,16.0,6.586244581,Maize,2.65
Tubas,94.0,39.0,18.0,5.893093135,Maize,2.87
Tubas,75.0,49.0,15.0,5.918263801,Maize,2.82
Tubas,78.0,48.0,22.0,5.588650585,Maize,2.63
Tubas,87.0,54.0,20.0,6.576418207000001,Maize,3.1
Tubas,87.0,35.0,25.0,6.178056304,Maize,2.46
Tubas,63.0,43.0,19.0,6.641906353,Maize,2.38
Tubas,84.0,57.0,25.0,6.489040367,Maize,2.76
Tubas,64.0,35.0,23.0,5.680361037999999,Maize,2.15
Tubas,60.0,46.0,22.0,6.625404347999999,Maize,2.19
Tubas,98.0,44.0,21.0,6.524478032,Maize,3.1
Tubas,75.0,56.0,18.0,5.696205468,Maize,2.18
Tubas,86.0,55.0,21.0,6.803931519,Maize,3.29
Tubas,98.0,35.0,18.0,6.252797547999999,Maize,3.02
Tubas,76.0,57.0,18.0,6.092725883,Maize,2.33
Tubas,99.0,56.0,17.0,6.234330356,Maize,2.31
Tubas,60.0,44.0,23.0,5.722579819,Maize,2.68
Tubas,74.0,48.0,17.0,6.430616465,Maize,2.41
Tubas,89.0,60.0,17.0,5.983952675,Maize,3.15
Tubas,69.0,51.0,23.0,6.80163854,Maize,2.27
Tubas,96.0,46.0,22.0,6.499936446,Maize,3.06
Tubas,61.0,60.0,15.0,6.265564338,Maize,3.07
Tubas,74.0,58.0,18.0,6.727303282,Maize,2.48
Tubas,74.0,43.0,23.0,6.325235159,Maize,2.23
Tubas,63.0,43.0,17.0,6.807487794,Maize,2.33
Tubas,99.0,36.0,20.0,6.671085817000001,Maize,3.24
Tubas,77.0,36.0,23.0,6.648725327,Maize,2.38
Tubas,87.0,60.0,23.0,6.439071996,Maize,2.97
Tubas,60.0,38.0,17.0,6.474476516,Maize,2.77
Tubas,94.0,54.0,17.0,5.871647806,Maize,2.61
Tubas,95.0,38.0,22.0,5.730617109,Maize,2.57
Tubas,84.0,44.0,21.0,5.850439831,Maize,2.92
Tubas,77.0,58.0,19.0,5.791649933,Maize,2.53
Tubas,66.0,44.0,20.0,6.740000687999999,Maize,2.42
Tubas,63.0,35.0,16.0,6.272417541,Maize,2.85
Tubas,79.0,45.0,20.0,5.715208817000001,Maize,2.41
Tubas,72.0,60.0,25.0,5.773454729,Maize,2.6
Tubas,67.0,51.0,24.0,5.584171461,Maize,2.93
Tubas,86.0,36.0,24.0,5.787268394,Maize,2.64
Tubas,76.0,48.0,18.0,5.77597783,Maize,3.15
Tubas,75.0,53.0,18.0,6.864793607,Maize,2.41
Tubas,81.0,45.0,23.0,6.192360002999999,Maize,3.09
Tubas,73.0,45.0,21.0,6.636803222999999,Maize,3.09
Tubas,71.0,35.0,24.0,5.826426917,Maize,2.22
Tubas,96.0,54.0,22.0,6.960358276,Maize,2.67
Tubas,99.0,39.0,18.0,6.11275104,Maize,3.11
Tubas,62.0,48.0,20.0,6.708446922,Maize,2.14
Tubas,86.0,37.0,16.0,5.561510732,Maize,3.04
Tubas,94.0,50.0,19.0,5.873242491,Maize,2.65
Tubas,76.0,39.0,24.0,6.995843776,Maize,2.13
Tubas,77.0,52.0,17.0,5.714799723,Maize,2.47
Tubas,74.0,39.0,23.0,6.78073637,Maize,2.85
Tubas,81.0,49.0,20.0,5.513697923,Maize,2.34
Tubas,63.0,42.0,21.0,5.798423907999999,Maize,2.83
Tubas,99.0,38.0,21.0,6.352471866,Maize,2.44
Tubas,90.0,52.0,25.0,6.822586546,Maize,2.68
Tubas,68.0,40.0,19.0,6.655426355,Maize,2.98
Tubas,60.0,57.0,24.0,6.1212940410000005,Maize,2.65
Tubas,71.0,52.0,18.0,5.790770202999999,Maize,2.28
Tubas,61.0,59.0,17.0,6.47444292,Maize,2.73
Tubas,88.0,38.0,15.0,6.455116637000001,Maize,2.27
Tubas,65.0,60.0,22.0,6.6069840860000015,Maize,2.59
Tubas,78.0,37.0,22.0,6.330554389,Maize,2.21
Tubas,78.0,58.0,15.0,6.5286312660000005,Maize,2.71
Tubas,92.0,60.0,23.0,5.721667141,Maize,2.81
Tubas,79.0,59.0,17.0,6.644205485,Maize,2.35
Tubas,91.0,55.0,15.0,6.376651091,Maize,3.09
Tubas,76.0,51.0,18.0,6.247040422,Maize,2.64
Tubas,87.0,48.0,25.0,6.656730007999999,Maize,3.19
Tubas,71.0,60.0,22.0,6.2048017,Maize,2.16
Tubas,90.0,57.0,24.0,6.158860284,Maize,2.54
Tubas,67.0,35.0,22.0,6.385684213999999,Maize,2.94
Tubas,60.0,54.0,19.0,6.417820493,Maize,2.61
Tubas,83.0,58.0,23.0,6.381201909,Maize,2.68
Tubas,83.0,57.0,19.0,6.877869005,Maize,2.76
Nablus,40.0,72.0,77.0,7.485996067,Chickpea,2.08
Nablus,23.0,72.0,84.0,6.920251378,Chickpea,2.28
Nablus,39.0,58.0,85.0,5.9969320370000005,Chickpea,2.49
Nablus,22.0,72.0,85.0,6.391173589,Chickpea,2.38
Nablus,36.0,67.0,77.0,7.152811172000001,Chickpea,2.92
Nablus,32.0,73.0,81.0,5.988992796000002,Chickpea,2.47
Nablus,58.0,70.0,84.0,6.231049027999999,Chickpea,2.51
Nablus,59.0,70.0,84.0,7.550808267000001,Chickpea,2.93
Nablus,42.0,62.0,75.0,7.010570541,Chickpea,2.3
Nablus,28.0,74.0,81.0,8.753795334,Chickpea,2.15
Nablus,58.0,66.0,79.0,8.718192847000001,Chickpea,2.61
Nablus,43.0,66.0,79.0,7.976607593,Chickpea,2.19
Nablus,58.0,63.0,81.0,6.515499548999999,Chickpea,2.1
Nablus,23.0,62.0,85.0,8.490127142,Chickpea,1.97
Nablus,27.0,62.0,77.0,6.576415562,Chickpea,2.87
Nablus,28.0,72.0,84.0,6.481783042999999,Chickpea,2.82
Nablus,50.0,56.0,76.0,7.966605025,Chickpea,2.2
Nablus,39.0,71.0,84.0,8.140825437,Chickpea,2.54
Nablus,25.0,78.0,76.0,7.228963452,Chickpea,1.85
Nablus,31.0,70.0,77.0,6.492546046,Chickpea,2.51
Nablus,26.0,80.0,83.0,7.528599957000001,Chickpea,1.87
Nablus,25.0,68.0,77.0,7.701446446,Chickpea,2.34
Nablus,31.0,78.0,76.0,8.519975748,Chickpea,2.86
Nablus,60.0,68.0,83.0,6.620900869,Chickpea,3.03
Nablus,59.0,62.0,83.0,8.104396057999999,Chickpea,2.43
Nablus,22.0,67.0,78.0,6.204090835,Chickpea,2.63
Nablus,36.0,65.0,80.0,6.051091339,Chickpea,2.58
Nablus,59.0,60.0,84.0,7.690962337999999,Chickpea,2.13
Nablus,54.0,77.0,85.0,7.8292111439999985,Chickpea,2.12
Nablus,43.0,68.0,81.0,6.761599706,Chickpea,2.06
Nablus,28.0,76.0,82.0,6.654425315,Chickpea,2.5
Nablus,42.0,79.0,85.0,6.129533877,Chickpea,2.73
Nablus,32.0,60.0,83.0,8.829273328,Chickpea,2.77
Nablus,22.0,78.0,76.0,8.621662982,Chickpea,1.94
Nablus,31.0,79.0,75.0,8.204862075,Chickpea,2.45
Nablus,28.0,58.0,81.0,6.18042747,Chickpea,2.3
Nablus,57.0,58.0,77.0,7.978996755,Chickpea,2.89
Nablus,49.0,55.0,78.0,7.863113671,Chickpea,2.69
Nablus,46.0,76.0,77.0,6.967843048,Chickpea,2.78
Nablus,54.0,61.0,77.0,6.206582192999999,Chickpea,2.89
Nablus,38.0,60.0,76.0,8.868741443,Chickpea,2.59
Nablus,59.0,55.0,79.0,8.766128654,Chickpea,2.63
Nablus,36.0,76.0,75.0,8.736337905,Chickpea,2.03
Nablus,57.0,68.0,81.0,8.081095263,Chickpea,2.71
Nablus,35.0,66.0,81.0,6.138243973,Chickpea,2.59
Nablus,35.0,64.0,78.0,7.496645259,Chickpea,2.16
Nablus,52.0,60.0,79.0,8.380185271,Chickpea,2.1
Nablus,27.0,76.0,83.0,6.289614016,Chickpea,2.26
Nablus,57.0,60.0,84.0,6.586777189,Chickpea,2.76
Nablus,52.0,68.0,78.0,6.89655198,Chickpea,2.06
Nablus,43.0,79.0,79.0,7.8067476560000015,Chickpea,2.8
Nablus,44.0,74.0,85.0,7.150681303,Chickpea,2.48
Nablus,24.0,55.0,78.0,6.64919573,Chickpea,1.87
Nablus,29.0,77.0,75.0,7.778591617999999,Chickpea,2.56
Nablus,20.0,60.0,78.0,6.358740355,Chickpea,2.06
Nablus,56.0,67.0,78.0,8.255450758,Chickpea,2.2
Nablus,37.0,66.0,85.0,6.456148474,Chickpea,2.33
Nablus,49.0,71.0,76.0,6.613072145,Chickpea,2.2
Nablus,59.0,69.0,80.0,8.165359297,Chickpea,2.65
Nablus,20.0,79.0,77.0,7.64867466,Chickpea,2.19
Nablus,24.0,56.0,85.0,6.545888558,Chickpea,2.31
Nablus,51.0,72.0,75.0,7.1042247970000005,Chickpea,2.52
Nablus,57.0,73.0,85.0,7.358099622,Chickpea,2.77
Nablus,22.0,64.0,82.0,6.4740245000000005,Chickpea,2.57
Nablus,52.0,73.0,79.0,7.840339388999999,Chickpea,2.63
Nablus,29.0,75.0,75.0,7.064790365,Chickpea,2.66
Nablus,44.0,59.0,78.0,7.599033472,Chickpea,2.01
Nablus,41.0,69.0,82.0,6.715587232000001,Chickpea,2.82
Nablus,52.0,56.0,85.0,6.81712422,Chickpea,2.34
Nablus,34.0,76.0,80.0,7.985417393,Chickpea,2.85
Nablus,42.0,74.0,83.0,7.545258424,Chickpea,2.87
Nablus,34.0,71.0,79.0,7.728998197,Chickpea,2.16
Nablus,27.0,73.0,79.0,7.354973451,Chickpea,2.16
Nablus,30.0,70.0,79.0,7.313122235,Chickpea,2.12
Nablus,57.0,57.0,75.0,7.785039076,Chickpea,2.62
Nablus,27.0,79.0,82.0,6.307004922999999,Chickpea,2.22
Nablus,32.0,71.0,85.0,6.4039823160000005,Chickpea,2.55
Nablus,31.0,76.0,82.0,7.599279991,Chickpea,2.54
Nablus,33.0,75.0,84.0,7.217018459,Chickpea,2.48
Nablus,47.0,80.0,77.0,7.561108006,Chickpea,2.24
Nablus,54.0,62.0,80.0,7.489545074,Chickpea,2.74
Nablus,47.0,79.0,78.0,6.609696734,Chickpea,2.42
Nablus,35.0,57.0,83.0,7.476800943,Chickpea,2.27
Nablus,53.0,73.0,77.0,7.325451279,Chickpea,2.49
Nablus,45.0,61.0,78.0,6.489389282,Chickpea,2.47
Nablus,37.0,78.0,79.0,7.786366322,Chickpea,2.88
Nablus,30.0,75.0,81.0,6.4084378860000015,Chickpea,2.36
Nablus,37.0,55.0,82.0,8.423873703,Chickpea,2.21
Nablus,53.0,65.0,76.0,8.719960893,Chickpea,2.18
Nablus,22.0,60.0,85.0,7.811997977000001,Chickpea,2.23
Nablus,60.0,61.0,78.0,6.317153205,Chickpea,3.01
Nablus,42.0,67.0,77.0,7.114405288,Chickpea,2.27
Nablus,39.0,76.0,76.0,8.135900726000001,Chickpea,2.9
Nablus,35.0,63.0,76.0,7.714153037999999,Chickpea,2.05
Nablus,30.0,65.0,82.0,7.103798069,Chickpea,2.53
Nablus,57.0,56.0,78.0,8.861479668,Chickpea,2.42
Nablus,48.0,65.0,78.0,7.861128148,Chickpea,2.38
Nablus,36.0,56.0,83.0,7.4526709,Chickpea,2.13
Nablus,40.0,58.0,75.0,7.168096055,Chickpea,2.96
Nablus,49.0,69.0,82.0,7.26311855,Chickpea,2.5
Jenin,32.0,76.0,15.0,7.604110177000001,Lentil,2.6
Jenin,13.0,61.0,22.0,7.728832424,Lentil,2.26
Jenin,38.0,60.0,20.0,7.491217102,Lentil,1.99
Jenin,11.0,74.0,17.0,6.633864582,Lentil,1.98
Jenin,37.0,71.0,16.0,7.324863481,Lentil,2.06
Jenin,29.0,71.0,18.0,6.410441476,Lentil,2.69
Jenin,2.0,72.0,18.0,7.836719564,Lentil,1.86
Jenin,6.0,59.0,21.0,6.139215944,Lentil,1.84
Jenin,13.0,64.0,20.0,6.590571088,Lentil,2.53
Jenin,8.0,58.0,17.0,7.286049977999999,Lentil,1.71
Jenin,6.0,77.0,20.0,6.058306161,Lentil,2.4
Jenin,2.0,75.0,22.0,6.658605362,Lentil,2.0
Jenin,3.0,69.0,23.0,7.299360767,Lentil,2.48
Jenin,27.0,80.0,24.0,7.815210661,Lentil,2.44
Jenin,39.0,78.0,15.0,5.925391795,Lentil,2.23
Jenin,40.0,79.0,17.0,6.403683619,Lentil,2.16
Jenin,37.0,62.0,22.0,7.397546271,Lentil,2.49
Jenin,31.0,60.0,24.0,7.722335992,Lentil,1.96
Jenin,22.0,67.0,22.0,7.475926645,Lentil,2.46
Jenin,3.0,78.0,18.0,6.887130053,Lentil,2.13
Jenin,4.0,80.0,16.0,7.441976825,Lentil,1.81
Jenin,13.0,61.0,24.0,7.629910252999999,Lentil,2.34
Jenin,12.0,66.0,20.0,7.336117221,Lentil,2.34
Jenin,4.0,61.0,21.0,6.75020529,Lentil,1.79
Jenin,9.0,60.0,21.0,7.52178027,Lentil,1.72
Jenin,18.0,66.0,22.0,6.347379185,Lentil,1.83
Jenin,32.0,56.0,18.0,7.135251532000001,Lentil,1.91
Jenin,6.0,72.0,15.0,7.670178119,Lentil,2.08
Jenin,15.0,77.0,20.0,7.399749291,Lentil,2.55
Jenin,0.0,65.0,24.0,7.841496029,Lentil,2.27
Jenin,30.0,79.0,22.0,6.254216611,Lentil,1.9
Jenin,3.0,63.0,16.0,6.868881707999999,Lentil,2.07
Jenin,2.0,78.0,23.0,7.320514721,Lentil,2.03
Jenin,10.0,78.0,18.0,6.296976913,Lentil,2.43
Jenin,14.0,67.0,25.0,7.241151936,Lentil,2.67
Jenin,39.0,65.0,23.0,7.685959305,Lentil,1.88
Jenin,19.0,72.0,15.0,6.890760124,Lentil,1.93
Jenin,18.0,57.0,21.0,6.155915975,Lentil,2.47
Jenin,31.0,58.0,15.0,6.167855382000001,Lentil,2.44
Jenin,28.0,58.0,25.0,6.861640036,Lentil,2.53
Jenin,5.0,65.0,19.0,6.978361689,Lentil,2.48
Jenin,16.0,65.0,19.0,7.043160241,Lentil,2.46
Jenin,34.0,65.0,19.0,5.94239222,Lentil,2.66
Jenin,14.0,69.0,19.0,7.239455147,Lentil,2.49
Jenin,22.0,55.0,16.0,6.516317561,Lentil,1.98
Jenin,24.0,61.0,17.0,6.233269045,Lentil,1.78
Jenin,2.0,79.0,15.0,7.505283615,Lentil,1.86
Jenin,26.0,63.0,17.0,6.950300686,Lentil,2.54
Jenin,27.0,61.0,15.0,6.958054839,Lentil,2.41
Jenin,24.0,70.0,16.0,6.54803469,Lentil,1.96
Jenin,13.0,74.0,25.0,6.461618577,Lentil,2.22
Jenin,6.0,64.0,23.0,7.065264073,Lentil,1.97
Jenin,12.0,58.0,23.0,6.765091462000001,Lentil,2.26
Jenin,32.0,79.0,22.0,5.91645379,Lentil,2.04
Jenin,6.0,68.0,18.0,6.711341147000001,Lentil,1.94
Jenin,10.0,79.0,20.0,6.379881442,Lentil,1.82
Jenin,38.0,77.0,22.0,6.313284267999999,Lentil,2.7
Jenin,17.0,74.0,17.0,7.393210848,Lentil,2.34
Jenin,26.0,68.0,24.0,7.504930973,Lentil,2.56
Jenin,23.0,75.0,17.0,7.198076286,Lentil,2.76
Jenin,32.0,78.0,22.0,7.007037515,Lentil,2.01
Jenin,19.0,79.0,19.0,6.677262562,Lentil,2.44
Jenin,22.0,60.0,18.0,6.74398035,Lentil,1.99
Jenin,28.0,69.0,16.0,6.547361617999999,Lentil,2.46
Jenin,1.0,67.0,21.0,6.551577598,Lentil,2.54
Jenin,12.0,67.0,23.0,6.585020302999999,Lentil,2.31
Jenin,36.0,67.0,20.0,6.924042372000001,Lentil,2.2
Jenin,28.0,70.0,21.0,7.437373666,Lentil,1.83
Jenin,12.0,71.0,19.0,7.142611056000002,Lentil,2.18
Jenin,22.0,68.0,16.0,7.74672376,Lentil,1.97
Jenin,26.0,66.0,22.0,6.300479414,Lentil,2.1
Jenin,16.0,65.0,16.0,6.078724107,Lentil,2.25
Jenin,14.0,59.0,22.0,6.76660668,Lentil,1.97
Jenin,33.0,59.0,19.0,7.641024177,Lentil,2.07
Jenin,21.0,63.0,17.0,6.559681838,Lentil,1.83
Jenin,0.0,69.0,21.0,7.072923306,Lentil,1.96
Jenin,10.0,75.0,17.0,7.732194787999999,Lentil,2.29
Jenin,30.0,61.0,18.0,6.157782589,Lentil,2.47
Jenin,0.0,74.0,17.0,7.240988401,Lentil,2.51
Jenin,35.0,74.0,22.0,6.898905799,Lentil,2.74
Jenin,7.0,63.0,24.0,6.818681086000002,Lentil,2.51
Jenin,9.0,56.0,17.0,6.261937875,Lentil,2.49
Jenin,14.0,74.0,15.0,6.493036868,Lentil,1.94
Jenin,14.0,76.0,20.0,7.042474679,Lentil,2.43
Jenin,36.0,65.0,16.0,7.692013657,Lentil,2.68
Jenin,28.0,67.0,21.0,6.250994222999999,Lentil,2.3
Jenin,28.0,79.0,16.0,6.0521848810000005,Lentil,2.03
Jenin,40.0,61.0,22.0,7.002216044,Lentil,2.74
Jenin,10.0,70.0,19.0,7.272427638,Lentil,1.73
Jenin,12.0,80.0,19.0,5.962001484,Lentil,2.16
Jenin,37.0,77.0,20.0,7.080506001,Lentil,2.19
Jenin,0.0,67.0,22.0,6.5937983870000005,Lentil,2.27
Jenin,7.0,73.0,25.0,7.28805662,Lentil,2.39
Jenin,10.0,56.0,18.0,7.32710972,Lentil,2.36
Jenin,39.0,70.0,15.0,6.366355781,Lentil,2.48
Jenin,26.0,56.0,22.0,7.011121216,Lentil,2.64
Jenin,9.0,77.0,17.0,6.280725549,Lentil,2.58
Jenin,4.0,59.0,19.0,7.621494566,Lentil,1.78
Jenin,34.0,73.0,15.0,7.630424082999999,Lentil,2.79
Jenin,33.0,77.0,15.0,7.802212437,Lentil,2.11
Jericho,91.0,94.0,46.0,6.149934034,Banana,2.91
Jericho,105.0,95.0,50.0,5.849076099,Banana,3.32
Jericho,108.0,92.0,53.0,6.276800323,Banana,3.07
Jericho,86.0,76.0,54.0,5.926824754,Banana,2.36
Jericho,80.0,77.0,49.0,5.519088423,Banana,2.41
Jericho,93.0,94.0,53.0,6.079178787999999,Banana,2.72
Jericho,90.0,92.0,55.0,6.13465588,Banana,3.14
Jericho,108.0,89.0,53.0,5.808497603999999,Banana,3.23
Jericho,108.0,88.0,55.0,5.891458107,Banana,2.89
Jericho,105.0,77.0,52.0,5.816622478999999,Banana,2.83
Jericho,118.0,88.0,52.0,5.8431631610000005,Banana,2.81
Jericho,101.0,87.0,54.0,6.376756632999999,Banana,2.71
Jericho,95.0,75.0,50.0,5.623615687000001,Banana,3.1
Jericho,106.0,85.0,53.0,5.91505509,Banana,2.75
Jericho,86.0,95.0,49.0,6.458714879,Banana,2.64
Jericho,83.0,79.0,55.0,5.565028635,Banana,3.22
Jericho,85.0,95.0,47.0,6.211833161,Banana,3.22
Jericho,109.0,79.0,45.0,6.490074429,Banana,2.85
Jericho,100.0,76.0,45.0,5.590236025,Banana,2.36
Jericho,117.0,86.0,48.0,6.225225238999999,Banana,2.57
Jericho,114.0,94.0,53.0,6.190757458999999,Banana,2.69
Jericho,110.0,78.0,50.0,5.915568968,Banana,2.52
Jericho,94.0,70.0,48.0,6.195152442,Banana,3.14
Jericho,80.0,71.0,47.0,6.156373499,Banana,2.61
Jericho,114.0,79.0,51.0,6.313197204,Banana,2.85
Jericho,88.0,78.0,45.0,6.324270089,Banana,2.65
Jericho,112.0,73.0,48.0,5.7074889870000005,Banana,3.28
Jericho,117.0,76.0,47.0,6.119216009,Banana,3.29
Jericho,111.0,87.0,48.0,5.571401169,Banana,2.38
Jericho,89.0,83.0,47.0,5.63127166,Banana,2.32
Jericho,93.0,91.0,47.0,6.101241579,Banana,2.4
Jericho,92.0,81.0,52.0,6.438137278999998,Banana,2.74
Jericho,105.0,74.0,45.0,6.098369122,Banana,3.28
Jericho,102.0,71.0,48.0,5.695267822000001,Banana,2.66
Jericho,94.0,91.0,51.0,5.6180944460000015,Banana,3.14
Jericho,116.0,71.0,47.0,6.435785799,Banana,3.09
Jericho,117.0,79.0,49.0,6.176644228,Banana,3.09
Jericho,119.0,72.0,55.0,6.220643671,Banana,3.24
Jericho,99.0,73.0,53.0,5.8717022110000014,Banana,2.58
Jericho,91.0,84.0,52.0,6.390741836,Banana,3.22
Jericho,80.0,90.0,47.0,6.21084479,Banana,2.53
Jericho,101.0,70.0,48.0,6.012696655,Banana,3.36
Jericho,108.0,89.0,53.0,5.908770059,Banana,2.88
Jericho,100.0,80.0,52.0,6.049801781,Banana,3.04
Jericho,109.0,91.0,53.0,6.010095852999999,Banana,2.91
Jericho,82.0,78.0,46.0,5.738678895,Banana,2.54
Jericho,106.0,70.0,55.0,5.74055541,Banana,3.37
Jericho,90.0,86.0,52.0,5.793260262,Banana,2.5
Jericho,83.0,95.0,50.0,5.50947065,Banana,3.27
Jericho,119.0,90.0,48.0,5.986442306,Banana,3.11
Jericho,107.0,72.0,45.0,5.790768046,Banana,3.07
Jericho,116.0,81.0,55.0,5.915546415,Banana,3.32
Jericho,101.0,75.0,50.0,6.242528277999999,Banana,3.06
Jericho,93.0,81.0,50.0,6.0360792660000016,Banana,3.09
Jericho,95.0,75.0,45.0,5.829898502000001,Banana,3.1
Jericho,107.0,71.0,55.0,6.088064451,Banana,2.59
Jericho,83.0,94.0,47.0,6.469370954,Banana,3.23
Jericho,102.0,73.0,54.0,5.720726906,Banana,3.23
Jericho,86.0,79.0,45.0,5.80766417,Banana,2.42
Jericho,117.0,86.0,53.0,5.703381727999999,Banana,3.17
Jericho,111.0,79.0,53.0,6.165001277999999,Banana,2.83
Jericho,95.0,74.0,50.0,6.002481605,Banana,2.48
Jericho,91.0,75.0,55.0,6.212369363,Banana,3.02
Jericho,93.0,83.0,46.0,5.765308943,Banana,2.95
Jericho,92.0,85.0,51.0,5.740764682000001,Banana,3.09
Jericho,104.0,80.0,54.0,5.879119455,Banana,3.35
Jericho,103.0,72.0,51.0,6.099478745,Banana,2.49
Jericho,92.0,75.0,45.0,5.674403358999999,Banana,2.71
Jericho,93.0,85.0,49.0,5.694243847,Banana,2.59
Jericho,120.0,87.0,52.0,5.905494703,Banana,3.08
Jericho,108.0,72.0,46.0,6.110844721,Banana,2.5
Jericho,105.0,88.0,54.0,6.020445317,Banana,2.99
Jericho,98.0,79.0,50.0,6.435917308,Banana,2.63
Jericho,111.0,88.0,55.0,5.505393832999999,Banana,3.28
Jericho,97.0,74.0,45.0,5.677719902000001,Banana,2.87
Jericho,95.0,82.0,48.0,5.719014989,Banana,2.74
Jericho,89.0,91.0,55.0,6.275572297999999,Banana,2.84
Jericho,89.0,85.0,55.0,6.275384607,Banana,2.58
Jericho,118.0,88.0,51.0,6.201911642000001,Banana,3.0
Jericho,101.0,92.0,45.0,5.758054257,Banana,3.25
Jericho,99.0,92.0,47.0,6.3239336470000005,Banana,3.15
Jericho,82.0,77.0,46.0,5.901100841,Banana,2.38
Jericho,90.0,86.0,55.0,5.644486582000001,Banana,2.54
Jericho,95.0,88.0,52.0,6.235461772000001,Banana,2.41
Jericho,104.0,73.0,46.0,6.28236237,Banana,2.59
Jericho,102.0,73.0,52.0,6.356090905,Banana,3.29
Jericho,100.0,74.0,52.0,5.837258235,Banana,3.22
Jericho,94.0,89.0,48.0,5.653437902,Banana,3.18
Jericho,99.0,70.0,46.0,5.727469947,Banana,3.07
Jericho,112.0,87.0,48.0,6.200111067999999,Banana,2.59
Jericho,117.0,82.0,45.0,5.614471478,Banana,3.2
Jericho,96.0,86.0,51.0,6.257369799,Banana,2.45
Jericho,113.0,85.0,45.0,6.037430836,Banana,3.08
Jericho,105.0,93.0,46.0,5.760457558,Banana,2.48
Jericho,85.0,89.0,51.0,6.1581644220000005,Banana,2.37
Jericho,108.0,94.0,47.0,6.387431382999999,Banana,2.41
Jericho,92.0,81.0,52.0,5.891413895,Banana,2.96
Jericho,110.0,71.0,54.0,5.725418961,Banana,2.97
Jericho,82.0,75.0,55.0,6.281069505,Banana,2.48
Jericho,117.0,81.0,53.0,5.507641777999999,Banana,2.86
Qalqilya,2.0,40.0,27.0,5.954626604,Mango,2.48
Qalqilya,39.0,24.0,31.0,4.757114897,Mango,2.83
Qalqilya,21.0,26.0,27.0,5.6995869720000005,Mango,2.25
Qalqilya,25.0,22.0,25.0,5.977413802999999,Mango,2.35
Qalqilya,0.0,21.0,32.0,6.430139436,Mango,2.02
Qalqilya,20.0,19.0,35.0,6.113935087000001,Mango,2.49
Qalqilya,19.0,21.0,34.0,5.074272692,Mango,2.83
Qalqilya,18.0,17.0,31.0,5.667507706,Mango,2.4
Qalqilya,11.0,36.0,33.0,5.978634285,Mango,2.17
Qalqilya,30.0,28.0,30.0,5.064613314,Mango,2.44
Qalqilya,18.0,19.0,27.0,4.772385986000001,Mango,2.01
Qalqilya,23.0,23.0,27.0,5.161148592,Mango,2.56
Qalqilya,37.0,30.0,34.0,6.797779227,Mango,2.98
Qalqilya,11.0,27.0,30.0,6.39474303,Mango,1.93
Qalqilya,12.0,19.0,31.0,5.566704378,Mango,2.62
Qalqilya,3.0,28.0,33.0,5.755049971,Mango,2.15
Qalqilya,37.0,38.0,32.0,5.417340525,Mango,2.7
Qalqilya,26.0,37.0,30.0,6.166173833999999,Mango,2.13
Qalqilya,14.0,18.0,30.0,5.191265116,Mango,2.32
Qalqilya,40.0,16.0,35.0,4.954739564,Mango,2.72
Qalqilya,4.0,20.0,25.0,5.664587011,Mango,1.91
Qalqilya,36.0,25.0,33.0,5.548584852,Mango,2.17
Qalqilya,30.0,17.0,31.0,6.804437106,Mango,2.93
Qalqilya,28.0,37.0,28.0,6.097869767000001,Mango,1.98
Qalqilya,38.0,15.0,30.0,5.075504537,Mango,2.63
Qalqilya,12.0,37.0,30.0,4.546466109,Mango,2.2
Qalqilya,38.0,19.0,31.0,5.855119267999999,Mango,2.67
Qalqilya,8.0,33.0,29.0,6.442393461,Mango,1.86
Qalqilya,15.0,27.0,28.0,4.507523551,Mango,2.87
Qalqilya,34.0,16.0,25.0,6.10729559,Mango,2.37
Qalqilya,11.0,36.0,31.0,6.47544932,Mango,2.66
Qalqilya,33.0,29.0,34.0,6.832979508999999,Mango,1.99
Qalqilya,12.0,31.0,26.0,5.395275719,Mango,2.64
Qalqilya,12.0,34.0,28.0,6.13526938,Mango,2.07
Qalqilya,5.0,16.0,31.0,4.555688532,Mango,2.25
Qalqilya,1.0,30.0,29.0,6.4341977560000005,Mango,1.98
Qalqilya,16.0,35.0,31.0,5.316875978000001,Mango,2.09
Qalqilya,35.0,18.0,26.0,5.279388967,Mango,2.12
Qalqilya,4.0,40.0,26.0,6.720041791,Mango,2.24
Qalqilya,9.0,29.0,34.0,5.72742254,Mango,2.81
Qalqilya,2.0,38.0,33.0,4.691396195,Mango,2.42
Qalqilya,26.0,32.0,32.0,6.810186079,Mango,2.86
Qalqilya,34.0,38.0,31.0,6.454045329,Mango,2.92
Qalqilya,5.0,32.0,33.0,5.842763773,Mango,2.3
Qalqilya,31.0,29.0,26.0,5.024124683999999,Mango,2.8
Qalqilya,34.0,34.0,35.0,6.422710539,Mango,2.96
Qalqilya,36.0,19.0,32.0,4.94295037,Mango,2.15
Qalqilya,7.0,17.0,26.0,6.414526606,Mango,2.76
Qalqilya,38.0,15.0,27.0,6.777788126,Mango,2.8
Qalqilya,5.0,19.0,25.0,6.441328044,Mango,2.5
Qalqilya,37.0,36.0,26.0,4.650536197,Mango,2.43
Qalqilya,21.0,31.0,32.0,5.254532213,Mango,2.87
Qalqilya,37.0,36.0,27.0,5.910634533,Mango,2.32
Qalqilya,23.0,23.0,30.0,4.755273631000001,Mango,2.2
Qalqilya,36.0,26.0,26.0,6.814630246,Mango,2.94
Qalqilya,24.0,33.0,35.0,5.342866119,Mango,2.64
Qalqilya,26.0,18.0,30.0,6.336234623999999,Mango,2.74
Qalqilya,22.0,17.0,26.0,4.754435025,Mango,2.65
Qalqilya,11.0,34.0,32.0,6.831706773,Mango,2.01
Qalqilya,29.0,35.0,28.0,6.9674177660000005,Mango,2.12
Qalqilya,22.0,28.0,26.0,4.947683034,Mango,2.37
Qalqilya,23.0,24.0,32.0,5.630619901,Mango,2.56
Qalqilya,1.0,35.0,34.0,6.27339822,Mango,2.35
Qalqilya,2.0,24.0,34.0,6.472774648,Mango,2.15
Qalqilya,39.0,37.0,25.0,6.953246506,Mango,2.09
Qalqilya,15.0,36.0,27.0,5.6437102160000014,Mango,2.07
Qalqilya,3.0,18.0,31.0,6.392313972999999,Mango,2.13
Qalqilya,8.0,38.0,32.0,4.981816523,Mango,2.29
Qalqilya,33.0,31.0,34.0,5.421265282999999,Mango,2.38
Qalqilya,14.0,29.0,32.0,6.942520105,Mango,2.24
Qalqilya,18.0,20.0,26.0,5.435840509,Mango,2.19
Qalqilya,9.0,21.0,32.0,5.870116071,Mango,2.47
Qalqilya,20.0,30.0,27.0,4.74910393,Mango,2.01
Qalqilya,9.0,38.0,25.0,5.497946899,Mango,2.13
Qalqilya,26.0,24.0,34.0,6.811291098,Mango,1.96
Qalqilya,31.0,36.0,29.0,6.460542749,Mango,2.96
Qalqilya,14.0,18.0,35.0,4.791146778,Mango,2.18
Qalqilya,40.0,16.0,35.0,6.4841522000000005,Mango,2.28
Qalqilya,28.0,27.0,34.0,6.526654345,Mango,2.89
Qalqilya,0.0,17.0,30.0,6.279133738,Mango,2.01
Qalqilya,1.0,29.0,29.0,6.052026047000001,Mango,2.79
Qalqilya,2.0,36.0,31.0,5.73171945,Mango,2.22
Qalqilya,12.0,27.0,26.0,5.32307197,Mango,2.78
Qalqilya,7.0,28.0,35.0,4.66910839,Mango,2.81
Qalqilya,0.0,36.0,26.0,5.101206389,Mango,2.03
Qalqilya,26.0,35.0,31.0,5.339556562,Mango,2.53
Qalqilya,27.0,21.0,30.0,5.061081874,Mango,2.26
Qalqilya,22.0,38.0,31.0,5.8211060360000015,Mango,2.04
Qalqilya,22.0,18.0,31.0,5.956027059,Mango,2.04
Qalqilya,28.0,23.0,28.0,5.676032581,Mango,2.5
Qalqilya,7.0,31.0,27.0,6.524114355,Mango,2.64
Qalqilya,29.0,34.0,26.0,6.2739536760000005,Mango,2.5
Qalqilya,8.0,37.0,33.0,6.128167757000001,Mango,2.26
Qalqilya,39.0,16.0,27.0,4.934964765,Mango,2.52
Qalqilya,40.0,24.0,25.0,5.445008416,Mango,2.77
Qalqilya,19.0,38.0,26.0,4.525722333,Mango,2.37
Qalqilya,21.0,21.0,30.0,5.403908327999999,Mango,2.7
Qalqilya,22.0,18.0,33.0,6.621623545,Mango,2.69
Qalqilya,31.0,20.0,30.0,6.207495815,Mango,2.3
Qalqilya,18.0,26.0,31.0,5.418475257000001,Mango,2.35
Hebron,24.0,130.0,195.0,6.112305667,Grapes,2.62
Hebron,13.0,144.0,204.0,6.092241627000001,Grapes,2.33
Hebron,22.0,123.0,205.0,5.896343436,Grapes,1.94
Hebron,36.0,125.0,196.0,6.15526103,Grapes,2.24
Hebron,24.0,131.0,196.0,5.732453638,Grapes,2.23
Hebron,2.0,123.0,198.0,6.253034534,Grapes,2.43
Hebron,35.0,140.0,197.0,6.106190557000001,Grapes,2.27
Hebron,11.0,122.0,195.0,5.647202395,Grapes,2.55
Hebron,6.0,123.0,203.0,6.130310493,Grapes,2.52
Hebron,17.0,134.0,204.0,6.499604931,Grapes,1.87
Hebron,25.0,130.0,197.0,5.554831977,Grapes,2.54
Hebron,27.0,145.0,205.0,5.800242694,Grapes,2.83
Hebron,9.0,122.0,201.0,5.570290539,Grapes,2.5
Hebron,16.0,139.0,203.0,6.27564088,Grapes,2.59
Hebron,32.0,141.0,204.0,5.536645599,Grapes,2.83
Hebron,22.0,138.0,195.0,6.208196881,Grapes,2.16
Hebron,31.0,144.0,202.0,5.870600622,Grapes,2.74
Hebron,3.0,136.0,205.0,6.334771461,Grapes,1.86
Hebron,28.0,122.0,197.0,5.856575335,Grapes,2.7
Hebron,4.0,136.0,204.0,5.898944282,Grapes,2.29
Hebron,39.0,145.0,201.0,5.775600435,Grapes,2.32
Hebron,38.0,132.0,197.0,5.931101816,Grapes,2.6
Hebron,36.0,133.0,198.0,6.2286454,Grapes,2.87
Hebron,25.0,121.0,201.0,5.594240602999999,Grapes,2.04
Hebron,15.0,125.0,199.0,5.569230319,Grapes,2.69
Hebron,24.0,140.0,205.0,5.93202852,Grapes,2.06
Hebron,13.0,132.0,203.0,6.423216506,Grapes,2.75
Hebron,5.0,126.0,197.0,6.417500829,Grapes,1.77
Hebron,30.0,120.0,200.0,6.234904253,Grapes,2.23
Hebron,23.0,142.0,197.0,6.000573725,Grapes,1.86
Hebron,26.0,135.0,203.0,5.6851027689999984,Grapes,2.31
Hebron,7.0,126.0,203.0,5.662140095,Grapes,2.63
Hebron,32.0,139.0,198.0,6.358186848,Grapes,2.29
Hebron,9.0,141.0,202.0,6.119495295,Grapes,2.02
Hebron,20.0,142.0,196.0,6.207600782999999,Grapes,2.12
Hebron,32.0,129.0,201.0,6.48754639,Grapes,2.21
Hebron,3.0,134.0,199.0,5.81717753,Grapes,2.02
Hebron,38.0,138.0,204.0,6.325480034,Grapes,2.18
Hebron,14.0,131.0,198.0,5.562790949,Grapes,2.38
Hebron,20.0,122.0,204.0,6.487369687,Grapes,1.99
Hebron,40.0,126.0,201.0,6.116982944,Grapes,2.24
Hebron,36.0,128.0,204.0,5.695792761,Grapes,2.09
Hebron,11.0,132.0,197.0,5.7343170070000005,Grapes,2.28
Hebron,0.0,137.0,195.0,6.329499832000001,Grapes,2.68
Hebron,19.0,123.0,200.0,6.167013532,Grapes,1.96
Hebron,31.0,136.0,197.0,5.653776057999999,Grapes,2.11
Hebron,4.0,134.0,200.0,5.840256272,Grapes,1.94
Hebron,39.0,139.0,201.0,5.5399808120000005,Grapes,2.89
Hebron,8.0,127.0,196.0,5.833302165,Grapes,2.2
Hebron,39.0,138.0,203.0,6.399433771,Grapes,2.44
Hebron,32.0,120.0,204.0,6.138958698,Grapes,1.89
Hebron,12.0,142.0,203.0,5.972850837999999,Grapes,1.8
Hebron,8.0,133.0,195.0,6.456079585,Grapes,2.31
Hebron,8.0,139.0,199.0,6.3364266670000005,Grapes,1.81
Hebron,21.0,134.0,202.0,6.425419926,Grapes,2.82
Hebron,40.0,140.0,195.0,6.2943956760000015,Grapes,2.74
Hebron,39.0,127.0,202.0,6.477768039,Grapes,2.39
Hebron,19.0,120.0,195.0,5.931538447,Grapes,1.85
Hebron,21.0,139.0,201.0,5.980598579,Grapes,2.33
Hebron,17.0,136.0,195.0,6.389783283,Grapes,1.86
Hebron,33.0,139.0,203.0,5.693287415,Grapes,2.29
Hebron,22.0,133.0,201.0,6.00299607,Grapes,2.08
Hebron,32.0,130.0,196.0,6.372959542,Grapes,2.64
Hebron,37.0,135.0,205.0,5.510924848999999,Grapes,2.88
Hebron,15.0,140.0,195.0,5.69945282,Grapes,2.31
Hebron,39.0,132.0,196.0,5.778594403,Grapes,2.63
Hebron,40.0,121.0,199.0,6.315586313,Grapes,2.39
Hebron,40.0,132.0,202.0,5.9718130060000005,Grapes,2.81
Hebron,29.0,142.0,203.0,5.891195653,Grapes,2.44
Hebron,32.0,121.0,199.0,6.129812716,Grapes,2.06
Hebron,6.0,140.0,205.0,6.313085601,Grapes,2.69
Hebron,8.0,120.0,196.0,6.053662544,Grapes,2.17
Hebron,34.0,133.0,202.0,5.804799142,Grapes,2.32
Hebron,35.0,135.0,199.0,6.400719746,Grapes,2.35
Hebron,16.0,145.0,199.0,5.953966361,Grapes,2.58
Hebron,8.0,136.0,201.0,5.6092559920000005,Grapes,2.53
Hebron,25.0,129.0,195.0,5.777271492000001,Grapes,2.56
Hebron,16.0,130.0,201.0,5.682395429,Grapes,2.69
Hebron,39.0,129.0,203.0,5.863996687,Grapes,2.69
Hebron,38.0,135.0,203.0,6.444373116,Grapes,2.91
Hebron,33.0,120.0,205.0,5.550832177999999,Grapes,2.11
Hebron,35.0,125.0,204.0,6.107741787999999,Grapes,2.28
Hebron,1.0,132.0,200.0,5.620745638,Grapes,1.87
Hebron,39.0,140.0,203.0,6.349875906,Grapes,2.54
Hebron,28.0,145.0,202.0,6.484323189,Grapes,2.16
Hebron,6.0,128.0,200.0,5.838748311,Grapes,1.86
Hebron,6.0,139.0,199.0,6.29099842,Grapes,2.64
Hebron,29.0,122.0,196.0,5.638328481,Grapes,2.41
Hebron,37.0,144.0,197.0,6.415555956,Grapes,2.2
Hebron,38.0,120.0,197.0,6.323722572,Grapes,2.72
Hebron,38.0,141.0,198.0,5.757009965,Grapes,2.61
Hebron,14.0,121.0,203.0,6.1586894060000015,Grapes,2.65
Hebron,6.0,125.0,204.0,5.7335398070000005,Grapes,2.18
Hebron,32.0,138.0,197.0,5.908724337000001,Grapes,1.93
Hebron,11.0,124.0,204.0,6.361141107000001,Grapes,2.26
Hebron,23.0,138.0,200.0,5.96537863,Grapes,2.59
Hebron,40.0,143.0,201.0,6.476757723,Grapes,2.07
Hebron,6.0,142.0,202.0,6.224542938,Grapes,2.76
Hebron,37.0,124.0,195.0,6.209928251,Grapes,2.14
Hebron,35.0,134.0,204.0,5.841138354,Grapes,2.18
Jenin,119.0,25.0,51.0,6.283818329,Watermelon,2.66
Jenin,119.0,19.0,55.0,6.818261382999999,Watermelon,2.46
Jenin,105.0,30.0,50.0,6.37620108,Watermelon,3.12
Jenin,114.0,8.0,50.0,6.581587932000001,Watermelon,3.24
Jenin,93.0,22.0,52.0,6.932739726,Watermelon,2.71
Jenin,80.0,26.0,55.0,6.140099215,Watermelon,2.56
Jenin,85.0,27.0,45.0,6.467095849,Watermelon,2.82
Jenin,85.0,22.0,53.0,6.849471704,Watermelon,2.76
Jenin,82.0,22.0,45.0,6.512196212,Watermelon,2.33
Jenin,118.0,13.0,54.0,6.039584629,Watermelon,3.08
Jenin,83.0,25.0,53.0,6.057697106,Watermelon,2.48
Jenin,86.0,15.0,47.0,6.423898762,Watermelon,3.07
Jenin,101.0,10.0,47.0,6.936997681,Watermelon,2.77
Jenin,119.0,9.0,50.0,6.251286661,Watermelon,3.23
Jenin,104.0,17.0,46.0,6.190015912000001,Watermelon,2.44
Jenin,95.0,12.0,51.0,6.681606702000001,Watermelon,3.05
Jenin,102.0,14.0,52.0,6.51075991,Watermelon,2.89
Jenin,109.0,21.0,55.0,6.770278088,Watermelon,3.19
Jenin,81.0,18.0,50.0,6.429788072999999,Watermelon,2.47
Jenin,103.0,17.0,51.0,6.209888345,Watermelon,2.28
Jenin,105.0,14.0,50.0,6.419052193,Watermelon,2.94
Jenin,97.0,8.0,52.0,6.237861736,Watermelon,2.3
Jenin,120.0,19.0,49.0,6.762471628999998,Watermelon,2.77
Jenin,95.0,16.0,55.0,6.612847999,Watermelon,2.15
Jenin,83.0,29.0,52.0,6.704688865,Watermelon,2.81
Jenin,83.0,9.0,45.0,6.049609892,Watermelon,2.22
Jenin,91.0,21.0,50.0,6.762030215,Watermelon,2.64
Jenin,116.0,5.0,54.0,6.65398725,Watermelon,2.64
Jenin,112.0,28.0,54.0,6.738030547,Watermelon,2.9
Jenin,88.0,29.0,51.0,6.095689937,Watermelon,2.58
Jenin,118.0,15.0,45.0,6.538006356,Watermelon,2.93
Jenin,92.0,21.0,48.0,6.377427122,Watermelon,3.11
Jenin,106.0,14.0,45.0,6.417011754,Watermelon,3.11
Jenin,99.0,5.0,47.0,6.649086972,Watermelon,2.83
Jenin,98.0,8.0,51.0,6.25933595,Watermelon,2.31
Jenin,108.0,22.0,46.0,6.121168559,Watermelon,2.79
Jenin,119.0,7.0,55.0,6.031424482,Watermelon,2.31
Jenin,117.0,27.0,48.0,6.835268183999999,Watermelon,3.02
Jenin,109.0,10.0,53.0,6.5517503060000015,Watermelon,2.21
Jenin,80.0,16.0,46.0,6.940236218,Watermelon,3.04
Jenin,100.0,18.0,52.0,6.87606733,Watermelon,3.05
Jenin,91.0,7.0,53.0,6.457216535,Watermelon,2.49
Jenin,86.0,6.0,53.0,6.921847887999999,Watermelon,2.53
Jenin,107.0,5.0,52.0,6.8814257460000015,Watermelon,2.8
Jenin,103.0,16.0,49.0,6.915717008,Watermelon,2.47
Jenin,101.0,20.0,48.0,6.206247493999999,Watermelon,3.1
Jenin,85.0,25.0,47.0,6.29542477,Watermelon,3.1
Jenin,84.0,7.0,51.0,6.399669044,Watermelon,2.36
Jenin,102.0,28.0,54.0,6.862157042000001,Watermelon,2.67
Jenin,98.0,25.0,52.0,6.224066378,Watermelon,2.93
Jenin,97.0,25.0,50.0,6.093814669,Watermelon,2.81
Jenin,90.0,16.0,45.0,6.291540277999999,Watermelon,3.04
Jenin,95.0,12.0,46.0,6.32281728,Watermelon,2.56
Jenin,82.0,23.0,49.0,6.873283991,Watermelon,2.16
Jenin,82.0,25.0,51.0,6.074209622000001,Watermelon,2.59
Jenin,110.0,28.0,46.0,6.49889585,Watermelon,2.79
Jenin,118.0,21.0,51.0,6.678805092,Watermelon,2.53
Jenin,120.0,20.0,45.0,6.114128685,Watermelon,3.16
Jenin,91.0,7.0,52.0,6.405054243,Watermelon,2.88
Jenin,81.0,6.0,55.0,6.110142735,Watermelon,2.15
Jenin,101.0,13.0,54.0,6.828982708,Watermelon,2.86
Jenin,101.0,17.0,55.0,6.451499763999999,Watermelon,2.18
Jenin,111.0,6.0,53.0,6.313512998999999,Watermelon,2.59
Jenin,107.0,10.0,49.0,6.755192025,Watermelon,2.88
Jenin,115.0,11.0,46.0,6.623167177000001,Watermelon,2.72
Jenin,84.0,25.0,52.0,6.12532356,Watermelon,2.75
Jenin,120.0,7.0,47.0,6.653867608,Watermelon,2.41
Jenin,91.0,12.0,46.0,6.343942518,Watermelon,2.9
Jenin,89.0,22.0,52.0,6.217300786,Watermelon,2.15
Jenin,113.0,19.0,46.0,6.286387658,Watermelon,2.55
Jenin,97.0,22.0,50.0,6.769893799999998,Watermelon,2.49
Jenin,117.0,30.0,50.0,6.744966312000001,Watermelon,2.57
Jenin,90.0,14.0,52.0,6.391858432,Watermelon,3.07
Jenin,104.0,23.0,47.0,6.770434148,Watermelon,2.43
Jenin,81.0,16.0,45.0,6.727468157000001,Watermelon,2.79
Jenin,88.0,5.0,47.0,6.662244646,Watermelon,2.12
Jenin,92.0,7.0,45.0,6.944640222,Watermelon,2.84
Jenin,81.0,18.0,50.0,6.507110986,Watermelon,2.18
Jenin,111.0,5.0,55.0,6.520663422,Watermelon,2.74
Jenin,108.0,23.0,51.0,6.106500787000001,Watermelon,2.45
Jenin,113.0,30.0,50.0,6.277484042999999,Watermelon,2.46
Jenin,83.0,10.0,53.0,6.195142279,Watermelon,2.41
Jenin,101.0,11.0,51.0,6.792035575,Watermelon,2.34
Jenin,114.0,21.0,55.0,6.472756256,Watermelon,3.08
Jenin,99.0,6.0,45.0,6.000975617000001,Watermelon,2.15
Jenin,92.0,20.0,55.0,6.5877912620000005,Watermelon,2.48
Jenin,92.0,7.0,48.0,6.956508826,Watermelon,2.57
Jenin,91.0,24.0,55.0,6.259086582999999,Watermelon,2.36
Jenin,110.0,21.0,54.0,6.747537642,Watermelon,3.2
Jenin,112.0,25.0,51.0,6.932537231,Watermelon,2.59
Jenin,89.0,25.0,54.0,6.353107392999999,Watermelon,2.95
Jenin,100.0,10.0,53.0,6.211748957,Watermelon,2.77
Jenin,83.0,22.0,54.0,6.277245253999999,Watermelon,3.07
Jenin,95.0,14.0,50.0,6.560443519,Watermelon,2.2
Jenin,119.0,30.0,49.0,6.903020221,Watermelon,2.48
Jenin,97.0,12.0,47.0,6.765094963999998,Watermelon,2.57
Jenin,110.0,7.0,45.0,6.189213927000001,Watermelon,2.24
Jenin,96.0,18.0,50.0,6.904241707000001,Watermelon,2.51
Jenin,83.0,23.0,55.0,6.463271076,Watermelon,2.63
Jenin,120.0,24.0,47.0,6.260838965,Watermelon,3.23
Hebron,24.0,128.0,196.0,5.521466996,Apple,2.88
Hebron,7.0,144.0,197.0,6.133220586,Apple,1.93
Hebron,14.0,128.0,205.0,6.226289556,Apple,2.0
Hebron,8.0,120.0,201.0,6.321152192,Apple,2.85
Hebron,20.0,129.0,201.0,5.587905967,Apple,2.14
Hebron,32.0,137.0,204.0,5.824151692999999,Apple,3.05
Hebron,27.0,139.0,205.0,5.7721799460000005,Apple,2.21
Hebron,0.0,123.0,205.0,5.790993052,Apple,2.71
Hebron,22.0,144.0,196.0,6.4992268210000015,Apple,2.68
Hebron,1.0,124.0,199.0,5.658473817000001,Apple,1.95
Hebron,30.0,122.0,197.0,5.573241391,Apple,2.35
Hebron,29.0,121.0,196.0,6.079497202000001,Apple,2.3
Hebron,13.0,126.0,204.0,6.3831802710000005,Apple,2.49
Hebron,9.0,139.0,199.0,5.867420996,Apple,2.57
Hebron,0.0,133.0,200.0,5.708418722,Apple,2.1
Hebron,30.0,143.0,199.0,5.7983508000000015,Apple,2.71
Hebron,36.0,140.0,198.0,6.28188384,Apple,2.84
Hebron,37.0,137.0,199.0,5.697945522,Apple,2.84
Hebron,33.0,121.0,203.0,5.6059340870000005,Apple,2.62
Hebron,7.0,144.0,195.0,5.85648105,Apple,2.69
Hebron,35.0,128.0,205.0,6.041053829,Apple,2.17
Hebron,29.0,128.0,198.0,5.685062404,Apple,2.31
Hebron,2.0,143.0,196.0,5.669489065,Apple,2.68
Hebron,34.0,140.0,198.0,5.751707342,Apple,2.77
Hebron,29.0,144.0,204.0,5.800448951,Apple,2.36
Hebron,32.0,141.0,203.0,5.821347769,Apple,2.8
Hebron,13.0,144.0,197.0,6.28022267,Apple,2.84
Hebron,25.0,143.0,198.0,6.027314401,Apple,2.37
Hebron,9.0,137.0,200.0,5.636687393,Apple,2.49
Hebron,6.0,144.0,198.0,5.559363609,Apple,2.13
Hebron,37.0,126.0,196.0,5.596449493,Apple,2.88
Hebron,2.0,120.0,203.0,5.893492998999999,Apple,2.02
Hebron,11.0,143.0,197.0,5.875718516,Apple,2.35
Hebron,10.0,141.0,201.0,6.386021424,Apple,2.75
Hebron,24.0,142.0,202.0,5.710819862,Apple,2.35
Hebron,23.0,138.0,195.0,5.7959857160000015,Apple,2.67
Hebron,18.0,125.0,204.0,6.046673619,Apple,2.74
Hebron,13.0,121.0,196.0,6.443382913,Apple,2.03
Hebron,26.0,122.0,202.0,5.617227184,Apple,2.18
Hebron,28.0,123.0,202.0,6.442289294,Apple,2.1
Hebron,26.0,121.0,201.0,6.162034371,Apple,2.94
Hebron,21.0,137.0,196.0,5.812781806,Apple,2.34
Hebron,21.0,135.0,198.0,5.7650151260000015,Apple,2.42
Hebron,5.0,144.0,205.0,6.184922574,Apple,2.81
Hebron,2.0,123.0,205.0,5.739652177000001,Apple,2.78
Hebron,15.0,133.0,199.0,5.8247786360000005,Apple,2.74
Hebron,31.0,130.0,198.0,5.554823557000001,Apple,2.17
Hebron,25.0,143.0,200.0,6.024248787,Apple,2.83
Hebron,16.0,143.0,204.0,5.631333387000001,Apple,2.19
Hebron,19.0,122.0,202.0,5.811975094,Apple,2.49
Hebron,10.0,125.0,196.0,5.730557448,Apple,2.31
Hebron,20.0,139.0,202.0,5.66999105,Apple,2.6
Hebron,28.0,123.0,198.0,5.682751473,Apple,2.31
Hebron,28.0,136.0,200.0,6.245858905,Apple,2.7
Hebron,2.0,131.0,199.0,6.017370134,Apple,2.59
Hebron,2.0,140.0,197.0,5.53456749,Apple,2.78
Hebron,27.0,138.0,201.0,5.952367662,Apple,2.02
Hebron,30.0,127.0,204.0,6.126436584,Apple,2.54
Hebron,32.0,145.0,203.0,6.406818518,Apple,2.47
Hebron,29.0,139.0,205.0,6.155939452999999,Apple,2.97
Hebron,26.0,126.0,195.0,5.878568981,Apple,2.66
Hebron,40.0,136.0,202.0,5.935336307999999,Apple,2.34
Hebron,6.0,124.0,200.0,5.971332179,Apple,1.99
Hebron,35.0,138.0,200.0,5.67130617,Apple,2.84
Hebron,17.0,136.0,196.0,5.882155987999999,Apple,2.17
Hebron,33.0,134.0,205.0,6.08551916,Apple,2.26
Hebron,16.0,143.0,197.0,5.90402645,Apple,2.69
Hebron,27.0,120.0,200.0,6.1102188260000005,Apple,2.51
Hebron,29.0,145.0,205.0,6.212302608,Apple,2.83
Hebron,3.0,141.0,197.0,6.142803397000001,Apple,2.89
Hebron,15.0,123.0,204.0,6.365972687999999,Apple,2.61
Hebron,5.0,136.0,195.0,6.264202804,Apple,2.54
Hebron,10.0,136.0,204.0,6.276198595,Apple,2.67
Hebron,7.0,141.0,195.0,5.514253142,Apple,2.17
Hebron,2.0,129.0,201.0,5.682343744,Apple,1.99
Hebron,29.0,138.0,197.0,5.830892252000001,Apple,2.65
Hebron,30.0,137.0,200.0,5.603413172000001,Apple,2.14
Hebron,29.0,132.0,204.0,6.0967531,Apple,2.95
Hebron,14.0,139.0,197.0,6.056529526,Apple,2.29
Hebron,18.0,125.0,203.0,6.160267496,Apple,2.63
Hebron,33.0,143.0,204.0,5.814434775,Apple,2.4
Hebron,40.0,144.0,196.0,5.987262638,Apple,2.73
Hebron,9.0,143.0,197.0,5.570020684,Apple,2.13
Hebron,38.0,135.0,203.0,5.9655513110000005,Apple,2.55
Hebron,28.0,130.0,196.0,6.062356467000001,Apple,2.6
Hebron,35.0,142.0,203.0,5.895319002000001,Apple,2.62
Hebron,12.0,129.0,205.0,6.119432215,Apple,2.72
Hebron,1.0,135.0,203.0,5.624203283,Apple,2.16
Hebron,0.0,145.0,205.0,5.52078314,Apple,2.44
Hebron,31.0,121.0,201.0,5.731535257999999,Apple,2.12
Hebron,35.0,131.0,203.0,5.893490899,Apple,2.76
Hebron,29.0,140.0,195.0,5.560521058,Apple,2.92
Hebron,33.0,138.0,198.0,6.222390797999999,Apple,3.06
Hebron,14.0,140.0,197.0,6.071255131,Apple,1.96
Hebron,35.0,145.0,195.0,6.231950009,Apple,2.67
Hebron,40.0,120.0,197.0,5.889480679,Apple,2.47
Hebron,25.0,132.0,198.0,5.732757516,Apple,2.83
Hebron,31.0,137.0,196.0,6.400321212000001,Apple,2.08
Hebron,36.0,144.0,196.0,6.496934492,Apple,2.89
Hebron,10.0,140.0,197.0,6.229498836,Apple,2.86
Tulkarm,22.0,30.0,12.0,6.354006743999999,Orange,2.13
Tulkarm,37.0,6.0,13.0,7.511755067999999,Orange,2.17
Tulkarm,27.0,13.0,6.0,7.335158382,Orange,2.93
Tulkarm,7.0,16.0,9.0,7.813916602999999,Orange,2.05
Tulkarm,20.0,7.0,9.0,7.1291369410000005,Orange,2.66
Tulkarm,26.0,27.0,10.0,6.079998496,Orange,2.08
Tulkarm,5.0,23.0,15.0,7.408939392000001,Orange,2.5
Tulkarm,0.0,18.0,14.0,7.207991261,Orange,2.62
Tulkarm,39.0,24.0,14.0,7.189259647,Orange,2.94
Tulkarm,13.0,23.0,6.0,7.365338111,Orange,2.25
Tulkarm,21.0,17.0,15.0,7.455991072000001,Orange,2.03
Tulkarm,33.0,12.0,8.0,6.822282114,Orange,2.62
Tulkarm,6.0,9.0,12.0,7.028746406000002,Orange,2.57
Tulkarm,19.0,7.0,10.0,6.118430299,Orange,2.59
Tulkarm,24.0,18.0,6.0,6.285312759,Orange,2.7
Tulkarm,9.0,11.0,8.0,6.559236744,Orange,2.18
Tulkarm,31.0,8.0,7.0,7.163245982,Orange,2.38
Tulkarm,22.0,17.0,5.0,6.945562889,Orange,2.12
Tulkarm,13.0,5.0,8.0,7.474710503,Orange,2.58
Tulkarm,16.0,8.0,9.0,7.601189842999999,Orange,2.1
Tulkarm,4.0,13.0,6.0,7.5611432239999985,Orange,2.03
Tulkarm,0.0,25.0,14.0,6.361671475,Orange,2.15
Tulkarm,8.0,7.0,10.0,6.929216014,Orange,2.24
Tulkarm,4.0,23.0,5.0,7.477935216,Orange,1.95
Tulkarm,33.0,14.0,8.0,7.684420446,Orange,2.82
Tulkarm,30.0,7.0,15.0,7.825531916,Orange,2.08
Tulkarm,21.0,29.0,12.0,6.438668989,Orange,2.63
Tulkarm,11.0,14.0,5.0,6.946354724,Orange,2.39
Tulkarm,9.0,8.0,15.0,7.994465371,Orange,2.1
Tulkarm,5.0,18.0,14.0,7.434118807000001,Orange,2.46
Tulkarm,29.0,25.0,14.0,7.781988584,Orange,2.88
Tulkarm,33.0,12.0,15.0,6.052318465,Orange,2.99
Tulkarm,8.0,16.0,6.0,7.106650373,Orange,1.97
Tulkarm,15.0,14.0,8.0,6.22094286,Orange,2.22
Tulkarm,16.0,7.0,8.0,6.420457311,Orange,2.52
Tulkarm,0.0,12.0,7.0,6.969249676,Orange,2.04
Tulkarm,5.0,25.0,6.0,6.0113021810000005,Orange,2.2
Tulkarm,6.0,8.0,11.0,6.600948787999999,Orange,2.83
Tulkarm,10.0,5.0,5.0,7.817846496,Orange,2.87
Tulkarm,1.0,17.0,6.0,6.8198271,Orange,2.08
Tulkarm,1.0,30.0,10.0,7.291405641,Orange,2.03
Tulkarm,0.0,23.0,15.0,7.598729065,Orange,2.49
Tulkarm,24.0,27.0,9.0,6.157135092000001,Orange,2.76
Tulkarm,36.0,11.0,13.0,7.1917274,Orange,2.62
Tulkarm,40.0,21.0,8.0,7.418761774,Orange,2.6
Tulkarm,40.0,22.0,6.0,6.488221135,Orange,2.54
Tulkarm,32.0,18.0,13.0,6.044167236,Orange,2.15
Tulkarm,9.0,10.0,10.0,6.010391864,Orange,2.55
Tulkarm,13.0,16.0,8.0,6.949838549,Orange,2.37
Tulkarm,15.0,9.0,11.0,7.907956251,Orange,2.23
Tulkarm,29.0,11.0,5.0,7.639788459,Orange,2.4
Tulkarm,1.0,15.0,9.0,7.53350946,Orange,2.68
Tulkarm,18.0,5.0,11.0,6.251586885,Orange,2.78
Tulkarm,14.0,22.0,9.0,6.543191814,Orange,2.44
Tulkarm,33.0,15.0,7.0,7.651225301,Orange,2.7
Tulkarm,4.0,6.0,7.0,6.708889665,Orange,2.47
Tulkarm,17.0,16.0,14.0,6.625538653,Orange,1.99
Tulkarm,12.0,20.0,10.0,6.528354932,Orange,2.49
Tulkarm,34.0,29.0,8.0,6.450640306,Orange,2.29
Tulkarm,39.0,28.0,10.0,7.181907673,Orange,2.14
Tulkarm,31.0,25.0,12.0,7.016482298,Orange,2.98
Tulkarm,12.0,6.0,8.0,6.388617138,Orange,2.69
Tulkarm,12.0,29.0,13.0,7.57125447,Orange,2.7
Tulkarm,26.0,11.0,11.0,7.609348255,Orange,2.11
Tulkarm,19.0,24.0,15.0,7.137136973,Orange,2.67
Tulkarm,39.0,21.0,9.0,6.354022554,Orange,2.21
Tulkarm,16.0,29.0,13.0,6.196907944,Orange,2.72
Tulkarm,36.0,29.0,13.0,7.829507245,Orange,2.41
Tulkarm,37.0,23.0,12.0,6.395258356,Orange,2.51
Tulkarm,39.0,9.0,15.0,7.992041984,Orange,2.33
Tulkarm,31.0,5.0,14.0,6.583411671,Orange,2.46
Tulkarm,18.0,12.0,8.0,6.206053072,Orange,2.2
Tulkarm,20.0,20.0,10.0,6.976997772000001,Orange,2.76
Tulkarm,5.0,8.0,5.0,6.562594972,Orange,2.74
Tulkarm,20.0,8.0,12.0,7.260416405,Orange,2.17
Tulkarm,25.0,21.0,11.0,6.460044777999999,Orange,2.54
Tulkarm,14.0,19.0,14.0,6.699164936,Orange,2.21
Tulkarm,37.0,18.0,12.0,7.401121811,Orange,2.18
Tulkarm,26.0,15.0,6.0,6.912033409,Orange,2.48
Tulkarm,13.0,22.0,5.0,7.764040111,Orange,2.25
Tulkarm,32.0,25.0,9.0,7.796034006,Orange,2.68
Tulkarm,19.0,7.0,9.0,6.969883482999999,Orange,2.54
Tulkarm,28.0,7.0,9.0,6.730757538,Orange,2.48
Tulkarm,24.0,30.0,11.0,6.601395755,Orange,2.32
Tulkarm,7.0,17.0,10.0,6.465913274,Orange,2.83
Tulkarm,18.0,23.0,8.0,6.41354791,Orange,2.8
Tulkarm,7.0,20.0,12.0,6.475275337,Orange,2.37
Tulkarm,20.0,23.0,11.0,6.407715561,Orange,2.29
Tulkarm,18.0,14.0,11.0,6.550814117000001,Orange,2.17
Tulkarm,34.0,11.0,10.0,7.36220835,Orange,2.23
Tulkarm,20.0,29.0,10.0,7.36549204,Orange,2.87
Tulkarm,37.0,24.0,13.0,7.8546243,Orange,3.03
Tulkarm,12.0,8.0,10.0,7.995848977,Orange,2.38
Tulkarm,34.0,10.0,14.0,6.725600855,Orange,2.9
Tulkarm,6.0,13.0,9.0,7.786725333,Orange,2.25
Tulkarm,27.0,30.0,5.0,7.656978112000001,Orange,2.54
Tulkarm,13.0,8.0,12.0,7.105904818,Orange,2.05
Tulkarm,6.0,7.0,7.0,7.199106204,Orange,2.65
Tulkarm,40.0,17.0,15.0,7.871063004,Orange,2.33
Tulkarm,31.0,26.0,9.0,7.566165721,Orange,2.46
Jenin,40.4,37.8,32.1,7.2,Olive,2.89
Jenin,52.8,22.5,31.3,7.0,Olive,3.17
Jenin,54.4,37.3,33.5,7.4,Olive,3.82
Jenin,59.3,25.7,43.8,7.1,Olive,3.57
Jenin,50.9,22.5,48.9,7.4,Olive,3.01
Jenin,41.5,38.4,40.7,6.6,Olive,2.42
Jenin,55.0,33.2,41.3,6.6,Olive,3.87
Jenin,47.9,20.3,47.2,6.0,Olive,2.31
Jenin,40.3,29.1,35.2,6.3,Olive,2.34
Jenin,58.5,32.4,48.0,6.0,Olive,3.04
Jenin,58.0,21.6,42.1,7.4,Olive,3.34
Jenin,54.1,32.6,32.7,7.1,Olive,3.33
Jenin,47.0,21.4,46.9,6.0,Olive,2.43
Jenin,40.1,36.2,38.7,7.0,Olive,2.03
Jenin,59.2,31.8,33.5,7.4,Olive,3.07
Jenin,41.0,32.3,36.5,7.0,Olive,2.63
Jenin,54.9,28.9,35.9,7.0,Olive,3.38
Jenin,47.2,26.6,38.0,7.2,Olive,2.38
Jenin,58.1,22.6,34.1,7.0,Olive,3.15
Jenin,43.9,24.4,46.4,7.3,Olive,2.57
Jenin,41.3,36.1,49.0,6.9,Olive,2.11
Jenin,52.3,30.2,40.8,6.7,Olive,3.53
Jenin,45.3,22.6,36.4,7.0,Olive,2.44
Jenin,56.9,26.5,44.5,7.0,Olive,3.71
Jenin,58.9,27.9,30.4,6.4,Olive,3.09
Jenin,43.0,22.4,45.2,7.3,Olive,2.53
Jenin,57.1,30.8,49.0,7.4,Olive,3.87
Jenin,45.3,29.8,33.9,6.7,Olive,2.72
Jenin,50.8,32.9,37.3,7.3,Olive,3.51
Jenin,56.4,24.2,48.4,6.5,Olive,3.57
Jenin,44.4,22.7,34.4,6.1,Olive,2.82
Jenin,54.9,34.5,37.6,6.1,Olive,3.73
Jenin,45.8,21.2,37.9,6.6,Olive,2.67
Jenin,45.7,26.6,34.6,7.3,Olive,2.46
Jenin,54.3,29.9,46.1,7.2,Olive,3.1
Jenin,59.2,25.7,43.8,6.0,Olive,3.74
Jenin,58.9,29.7,45.9,6.8,Olive,3.99
Jenin,54.0,22.7,35.7,7.2,Olive,3.72
Jenin,59.4,21.2,37.0,6.1,Olive,3.34
Jenin,42.8,29.5,31.5,7.2,Olive,2.03
Jenin,54.6,23.2,38.6,7.1,Olive,3.24
Jenin,44.7,34.6,35.5,6.4,Olive,2.49
Jenin,50.6,21.7,30.9,7.3,Olive,3.85
Jenin,44.9,32.8,30.2,6.3,Olive,2.77
Jenin,45.1,29.9,39.2,7.3,Olive,2.95
Jenin,40.5,26.4,32.0,6.1,Olive,2.17
Jenin,51.1,22.6,43.3,6.3,Olive,3.29
Jenin,45.6,38.4,49.5,7.1,Olive,2.79
Jenin,45.2,25.7,41.2,6.5,Olive,2.3
Jenin,50.0,22.2,42.3,7.4,Olive,2.78
Jenin,58.3,27.3,43.9,7.4,Olive,3.65
Jenin,59.6,31.9,44.4,6.3,Olive,3.4
Jenin,49.3,32.9,43.3,7.2,Olive,2.75
Jenin,40.8,29.6,32.7,7.0,Olive,2.14
Jenin,41.2,38.2,34.4,6.3,Olive,2.23
Jenin,50.4,21.6,30.3,6.8,Olive,3.4
Jenin,59.3,38.3,43.3,6.4,Olive,3.06
Jenin,50.3,37.9,46.1,7.2,Olive,3.47
Jenin,42.1,25.3,42.8,6.9,Olive,2.48
Jenin,43.4,21.0,40.4,6.7,Olive,2.96
Jenin,56.5,34.2,42.3,6.6,Olive,3.3
Jenin,42.9,35.0,35.5,7.3,Olive,2.75
Jenin,49.9,38.0,30.4,7.0,Olive,2.61
Jenin,43.3,30.0,49.2,7.0,Olive,2.69
Jenin,50.8,34.8,32.4,7.0,Olive,3.01
Jenin,51.3,20.2,40.9,7.2,Olive,3.62
Jenin,50.7,26.5,49.3,6.1,Olive,3.71
Jenin,40.9,38.2,48.4,7.4,Olive,2.51
Jenin,57.5,30.1,47.7,6.0,Olive,3.53
Jenin,57.3,21.5,48.5,6.2,Olive,3.04
Jenin,53.8,21.9,40.4,7.4,Olive,3.65
Jenin,44.9,33.5,30.0,6.8,Olive,2.93
Jenin,57.3,30.7,31.7,6.0,Olive,3.44
Jenin,50.1,21.3,37.1,6.3,Olive,3.44
Jenin,57.9,25.5,45.8,7.5,Olive,3.78
Jenin,42.6,38.3,47.5,7.3,Olive,2.31
Jenin,46.2,32.1,49.0,6.3,Olive,2.22
Jenin,50.3,38.7,48.7,6.9,Olive,3.92
Jenin,42.0,23.9,37.0,6.7,Olive,2.35
Jenin,56.7,21.4,43.3,7.4,Olive,3.34
Jenin,45.5,25.8,48.5,7.4,Olive,2.16
Jenin,42.1,29.8,49.4,6.0,Olive,2.09
Jenin,58.0,26.6,39.0,6.1,Olive,3.87
Jenin,41.3,28.8,36.6,6.7,Olive,2.45
Jenin,58.1,25.0,45.9,6.2,Olive,3.81
Jenin,40.4,20.9,37.5,6.7,Olive,2.97
Jenin,42.9,27.6,38.7,7.1,Olive,2.67
Jenin,59.2,32.4,30.0,7.4,Olive,3.12
Jenin,45.0,26.5,35.4,6.3,Olive,2.21
Jenin,44.0,27.5,37.9,6.9,Olive,2.47
Jenin,42.5,24.3,48.9,7.2,Olive,2.2
Jenin,59.0,39.3,30.7,7.3,Olive,3.14
Jenin,55.8,21.4,34.9,6.4,Olive,3.3
Jenin,56.0,32.5,39.2,7.4,Olive,3.21
Jenin,52.4,36.2,33.2,6.8,Olive,3.08
Jenin,41.2,20.2,33.9,7.0,Olive,2.09
Jenin,49.9,28.7,42.2,6.8,Olive,2.62
Jenin,41.9,32.6,40.9,6.8,Olive,2.89
Jenin,46.0,34.9,33.7,6.3,Olive,2.28
Jenin,44.7,32.0,44.8,6.9,Olive,2.54
Jenin,59.6,20.9,30.3,6.9,Olive,3.09
Jenin,45.7,39.0,40.9,7.4,Olive,2.89
Jenin,48.2,29.3,36.1,7.2,Olive,2.34
Jenin,41.3,27.6,35.4,6.5,Olive,2.94
Jenin,58.8,29.2,39.0,6.9,Olive,3.1
Jenin,43.9,30.7,45.7,6.7,Olive,2.17
Jenin,43.4,23.2,31.9,7.1,Olive,2.25
Jenin,45.9,33.4,39.8,6.7,Olive,2.13
Jenin,40.9,22.2,34.2,6.8,Olive,2.27
Jenin,51.8,31.3,40.6,6.3,Olive,3.08
Jenin,50.3,38.5,49.3,6.9,Olive,3.58
Jenin,48.5,30.4,36.4,7.1,Olive,2.37
Jenin,42.5,28.9,46.9,7.4,Olive,2.39
Jenin,55.1,40.0,47.8,7.2,Olive,3.53
Jenin,48.6,29.8,38.1,6.6,Olive,2.52
Jenin,54.0,38.1,39.8,6.2,Olive,3.87
Jenin,59.3,23.9,31.4,6.6,Olive,3.4
Jenin,45.0,39.8,31.9,6.4,Olive,2.36
Jenin,59.8,40.0,32.8,6.0,Olive,3.75
Jenin,57.6,20.6,42.2,6.0,Olive,3.27
Jenin,47.2,25.1,30.8,6.6,Olive,2.8
Jenin,59.1,39.4,48.0,7.2,Olive,3.43
Jenin,52.1,33.3,45.4,7.3,Olive,3.96
Jenin,41.0,32.1,44.6,6.5,Olive,2.27
Jenin,43.2,39.0,48.4,7.2,Olive,2.66
Jenin,48.3,35.3,35.3,6.7,Olive,2.83
Jenin,52.0,30.6,42.7,6.1,Olive,3.57
Jenin,58.4,28.1,30.9,7.4,Olive,3.62
Jenin,54.2,25.5,43.3,6.9,Olive,3.99
Jenin,43.7,29.0,40.4,7.1,Olive,2.31
Jenin,41.2,39.4,42.5,7.3,Olive,2.3
Jenin,52.2,20.8,48.0,6.2,Olive,3.42
Jenin,43.0,37.6,45.9,6.1,Olive,2.1
Jenin,45.0,37.7,47.9,7.5,Olive,2.16
Jenin,44.2,21.5,48.7,7.1,Olive,2.41
Jenin,52.3,30.7,46.2,6.9,Olive,3.66
Jenin,42.7,24.5,35.6,7.2,Olive,2.83
Jenin,58.3,28.3,48.0,6.4,Olive,3.98
Jenin,57.9,26.6,45.0,7.4,Olive,3.16
Jenin,52.6,30.2,47.0,6.6,Olive,3.01
Jenin,47.7,35.3,42.1,6.2,Olive,2.68
Jenin,42.6,25.6,42.7,6.1,Olive,2.01
Jenin,52.5,33.3,41.8,6.4,Olive,3.74
Jenin,42.1,36.0,38.1,6.9,Olive,2.25
Jenin,52.6,31.9,41.8,6.5,Olive,3.48
Jenin,47.6,34.9,43.9,6.3,Olive,2.58
Jenin,44.7,33.7,36.1,7.2,Olive,2.53
Jenin,53.6,27.7,39.3,6.8,Olive,3.31
Jenin,52.4,24.8,44.3,7.4,Olive,3.08
Jenin,44.8,38.1,45.9,6.2,Olive,2.26
Tubas,77.3,35.2,45.8,6.7,Wheat,3.64
Tubas,64.9,30.7,32.8,6.8,Wheat,2.42
Tubas,69.7,42.1,31.0,6.2,Wheat,2.24
Tubas,75.3,44.6,42.8,6.2,Wheat,3.35
Tubas,61.7,31.5,38.2,6.4,Wheat,3.0
Tubas,82.8,45.6,44.5,6.8,Wheat,3.42
Tubas,64.7,43.1,33.2,6.5,Wheat,2.16
Tubas,88.1,31.2,38.4,6.1,Wheat,3.85
Tubas,66.6,41.6,41.1,6.5,Wheat,2.46
Tubas,85.7,42.9,31.3,6.7,Wheat,3.35
Tubas,70.7,31.2,42.6,6.2,Wheat,2.78
Tubas,78.2,36.0,37.9,6.5,Wheat,3.94
Tubas,83.4,35.3,35.4,6.9,Wheat,3.33
Tubas,80.6,44.4,49.7,6.1,Wheat,3.69
Tubas,88.7,47.1,35.8,6.7,Wheat,3.19
Tubas,68.9,34.4,45.5,6.5,Wheat,2.35
Tubas,81.8,32.1,44.9,6.9,Wheat,3.98
Tubas,70.7,30.8,30.8,6.9,Wheat,2.32
Tubas,80.2,36.5,44.7,6.9,Wheat,3.01
Tubas,84.4,31.4,30.5,6.7,Wheat,3.63
Tubas,78.4,45.3,32.7,6.1,Wheat,3.3
Tubas,66.9,41.2,39.8,6.5,Wheat,2.23
Tubas,76.8,42.0,40.1,6.3,Wheat,3.38
Tubas,67.3,32.9,39.9,6.6,Wheat,2.94
Tubas,78.9,32.6,35.6,6.8,Wheat,3.18
Tubas,61.8,39.8,40.0,6.3,Wheat,2.51
Tubas,81.1,40.0,46.8,6.3,Wheat,3.27
Tubas,76.3,31.2,35.5,6.0,Wheat,3.51
Tubas,88.0,42.2,30.5,6.2,Wheat,3.82
Tubas,71.7,33.2,37.8,6.8,Wheat,2.36
Tubas,79.4,31.4,30.7,6.8,Wheat,3.19
Tubas,83.4,49.0,35.1,6.9,Wheat,3.66
Tubas,66.3,44.7,41.6,6.1,Wheat,2.37
Tubas,67.8,40.3,47.4,6.5,Wheat,2.04
Tubas,73.3,48.1,41.6,7.0,Wheat,2.61
Tubas,87.7,40.6,33.6,6.1,Wheat,3.34
Tubas,81.5,30.2,32.5,6.8,Wheat,3.88
Tubas,71.0,38.8,48.8,6.7,Wheat,2.34
Tubas,82.6,47.7,40.3,6.3,Wheat,3.83
Tubas,89.9,46.4,35.4,6.6,Wheat,3.94
Tubas,86.8,40.9,44.4,6.0,Wheat,3.05
Tubas,63.3,36.5,37.6,6.4,Wheat,2.51
Tubas,70.5,41.2,36.5,6.0,Wheat,2.59
Tubas,78.6,35.9,34.0,6.7,Wheat,3.07
Tubas,64.0,37.1,47.6,6.1,Wheat,2.92
Tubas,66.9,31.5,31.3,6.3,Wheat,2.59
Tubas,82.3,47.8,31.8,6.1,Wheat,3.31
Tubas,84.4,41.1,33.6,6.6,Wheat,3.28
Tubas,83.1,33.7,37.1,6.6,Wheat,3.71
Tubas,73.0,48.2,44.2,6.8,Wheat,2.4
Tubas,87.6,36.4,37.2,6.9,Wheat,3.65
Tubas,67.9,40.7,31.4,6.9,Wheat,2.33
Tubas,75.1,32.8,49.1,6.4,Wheat,3.2
Tubas,73.8,37.3,42.7,6.4,Wheat,2.7
Tubas,65.8,37.8,49.5,6.1,Wheat,2.51
Tubas,71.3,35.4,31.5,6.9,Wheat,2.42
Tubas,61.3,38.9,33.7,6.6,Wheat,2.54
Tubas,82.5,35.0,47.0,6.2,Wheat,3.92
Tubas,67.0,46.6,50.0,6.9,Wheat,2.27
Tubas,61.7,37.2,30.2,6.4,Wheat,2.47
Tubas,64.7,44.5,37.7,6.7,Wheat,2.89
Tubas,65.8,45.4,44.4,6.8,Wheat,2.75
Tubas,85.0,36.4,30.8,6.6,Wheat,3.43
Tubas,62.9,33.9,37.5,6.9,Wheat,2.16
Tubas,72.8,32.5,33.4,6.9,Wheat,2.28
Tubas,61.3,39.0,37.1,6.4,Wheat,2.69
Tubas,64.5,43.5,34.1,6.7,Wheat,2.37
Tubas,76.4,37.3,48.2,6.3,Wheat,3.16
Tubas,70.1,37.5,30.6,6.4,Wheat,2.3
Tubas,65.4,42.7,45.9,6.8,Wheat,2.84
Tubas,74.3,34.2,47.9,6.5,Wheat,2.83
Tubas,65.6,30.2,47.3,6.5,Wheat,2.31
Tubas,63.2,36.8,39.0,6.6,Wheat,2.48
Tubas,83.4,47.2,45.8,6.7,Wheat,3.49
Tubas,76.3,39.9,48.2,6.5,Wheat,3.04
Tubas,81.5,37.1,46.7,6.4,Wheat,3.24
Tubas,64.2,44.4,44.6,7.0,Wheat,2.29
Tubas,61.2,42.9,47.0,6.5,Wheat,2.26
Tubas,76.3,33.8,37.0,6.8,Wheat,3.03
Tubas,60.6,49.8,45.9,6.7,Wheat,2.14
Tubas,78.2,36.8,36.7,6.3,Wheat,3.43
Tubas,64.8,48.4,47.4,6.8,Wheat,2.65
Tubas,78.7,31.3,32.9,6.7,Wheat,3.45
Tubas,77.0,37.5,31.7,6.1,Wheat,3.57
Tubas,82.9,39.6,30.2,6.9,Wheat,3.88
Tubas,73.0,49.9,42.9,6.8,Wheat,2.76
Tubas,69.2,41.7,34.9,6.8,Wheat,2.57
Tubas,72.5,30.7,33.7,6.0,Wheat,2.66
Tubas,76.3,42.3,45.5,6.8,Wheat,3.24
Tubas,71.2,38.4,43.1,6.3,Wheat,2.14
Tubas,72.3,48.8,39.0,6.7,Wheat,2.88
Tubas,74.8,35.3,37.8,6.1,Wheat,2.07
Tubas,82.6,33.3,30.7,6.4,Wheat,3.17
Tubas,72.6,43.6,45.9,6.5,Wheat,2.08
Tubas,62.8,49.2,40.6,6.7,Wheat,2.23
Tubas,81.4,49.3,33.3,6.6,Wheat,3.01
Tubas,62.6,49.3,46.5,7.0,Wheat,2.98
Tubas,76.4,31.3,30.1,6.1,Wheat,3.74
Tubas,89.0,40.2,38.5,6.9,Wheat,3.75
Tubas,76.5,41.7,33.6,7.0,Wheat,3.24
Tubas,78.1,43.4,49.7,6.1,Wheat,3.54
Tubas,77.7,32.8,30.5,6.9,Wheat,3.1
Tubas,66.8,33.4,36.0,6.9,Wheat,2.44
Tubas,79.4,40.7,40.7,6.2,Wheat,3.18
Tubas,83.4,49.6,32.3,6.5,Wheat,3.41
Tubas,81.6,31.2,35.3,6.5,Wheat,3.5
Tubas,72.4,49.9,49.3,6.1,Wheat,2.94
Tubas,80.7,49.4,45.6,6.3,Wheat,3.26
Tubas,60.9,31.9,40.0,6.4,Wheat,2.91
Tubas,87.2,39.0,41.5,6.5,Wheat,3.75
Tubas,62.3,40.7,35.4,6.2,Wheat,2.64
Tubas,66.4,33.1,33.5,7.0,Wheat,2.17
Tubas,90.0,44.3,41.1,7.0,Wheat,3.5
Tubas,82.1,49.7,37.7,6.7,Wheat,3.54
Tubas,60.6,34.7,31.6,6.1,Wheat,2.42
Tubas,71.3,44.1,38.9,6.5,Wheat,2.73
Tubas,84.0,43.8,49.7,6.6,Wheat,3.59
Tubas,73.0,35.1,41.2,6.3,Wheat,2.67
Tubas,88.6,31.9,36.2,6.4,Wheat,3.65
Tubas,82.1,36.1,33.9,6.8,Wheat,3.54
Tubas,72.4,33.5,48.0,6.7,Wheat,2.44
Tubas,67.9,44.0,37.4,6.8,Wheat,2.84
Tubas,63.9,49.8,36.4,7.0,Wheat,2.37
Tubas,61.2,31.4,32.1,6.9,Wheat,2.62
Tubas,89.0,46.9,49.4,6.0,Wheat,3.21
Tubas,75.0,36.1,45.1,6.5,Wheat,2.14
Tubas,83.1,47.1,31.2,6.5,Wheat,3.38
Tubas,70.4,44.2,37.9,6.2,Wheat,2.2
Tubas,77.1,48.9,46.8,6.8,Wheat,3.83
Tubas,75.8,42.6,43.0,6.2,Wheat,3.28
Tubas,75.4,41.7,49.7,6.0,Wheat,3.09
Tubas,73.0,42.4,49.9,6.6,Wheat,2.5
Tubas,64.1,46.3,41.8,6.1,Wheat,2.31
Tubas,86.5,38.0,41.5,6.7,Wheat,3.22
Tubas,75.0,49.1,46.1,6.9,Wheat,2.34
Tubas,67.1,30.6,49.3,6.6,Wheat,2.41
Tubas,81.9,44.7,47.9,6.2,Wheat,3.92
Tubas,73.6,48.1,37.4,6.5,Wheat,2.85
Tubas,62.0,43.3,38.1,6.7,Wheat,2.95
Tubas,79.8,34.4,31.4,6.6,Wheat,3.67
Tubas,69.2,49.8,49.0,6.6,Wheat,2.49
Tubas,80.4,39.3,35.5,6.5,Wheat,3.06
Tubas,84.4,30.8,36.8,6.2,Wheat,3.87
Tubas,86.6,39.1,31.6,6.2,Wheat,3.16
Tubas,80.4,41.0,36.3,6.1,Wheat,3.92
Tubas,85.5,39.0,41.2,6.3,Wheat,3.09
Tubas,61.3,31.3,35.4,6.8,Wheat,2.37
Tubas,77.9,36.3,32.2,6.7,Wheat,3.44
Tubas,85.7,37.4,34.3,6.3,Wheat,3.23
Tubas,69.2,45.9,34.3,6.6,Wheat,2.59
Jericho,38.1,12.3,61.7,8.3,Dates,2.07
Jericho,30.7,12.9,71.8,7.8,Dates,2.4
Jericho,42.7,25.0,56.0,7.2,Dates,3.47
Jericho,45.1,11.1,70.4,7.2,Dates,3.7
Jericho,31.4,22.4,57.0,7.0,Dates,2.42
Jericho,36.7,19.5,53.3,8.1,Dates,2.73
Jericho,31.5,21.1,42.4,7.1,Dates,2.06
Jericho,42.3,17.7,67.5,7.7,Dates,3.28
Jericho,42.6,19.2,49.5,7.5,Dates,3.08
Jericho,44.3,17.7,57.9,7.4,Dates,3.47
Jericho,49.5,28.6,46.4,7.4,Dates,3.61
Jericho,33.3,26.0,63.5,7.3,Dates,2.99
Jericho,43.2,18.9,47.6,7.3,Dates,3.57
Jericho,33.3,20.2,44.3,8.4,Dates,2.43
Jericho,32.3,27.9,58.7,7.2,Dates,2.47
Jericho,38.0,23.0,45.9,8.1,Dates,2.05
Jericho,32.0,20.3,53.7,7.5,Dates,2.18
Jericho,32.2,14.4,51.6,7.0,Dates,2.89
Jericho,31.4,23.9,42.1,8.3,Dates,2.76
Jericho,37.6,19.5,43.6,8.2,Dates,2.67
Jericho,36.9,13.6,46.6,7.2,Dates,2.99
Jericho,41.8,13.3,45.8,7.3,Dates,3.63
Jericho,42.7,10.9,44.2,7.9,Dates,3.39
Jericho,33.5,10.1,49.3,8.3,Dates,2.1
Jericho,32.6,28.7,52.5,8.4,Dates,2.59
Jericho,46.1,28.5,62.1,7.3,Dates,3.34
Jericho,42.7,13.6,48.5,7.2,Dates,3.13
Jericho,42.9,27.4,54.7,8.2,Dates,3.83
Jericho,37.9,16.6,56.9,7.4,Dates,2.76
Jericho,47.4,11.1,58.1,8.1,Dates,3.82
Jericho,48.3,14.6,51.3,7.0,Dates,3.36
Jericho,39.8,13.5,53.8,7.3,Dates,2.75
Jericho,43.0,14.2,77.9,7.9,Dates,3.85
Jericho,47.2,11.9,72.8,8.2,Dates,3.15
Jericho,30.9,22.1,43.7,8.0,Dates,2.16
Jericho,48.2,22.3,59.2,8.5,Dates,3.6
Jericho,35.7,21.2,65.8,7.1,Dates,2.94
Jericho,32.7,29.5,69.3,8.1,Dates,2.14
Jericho,41.4,13.4,41.8,8.3,Dates,3.81
Jericho,37.1,13.3,47.1,8.3,Dates,2.53
Jericho,30.4,23.4,73.2,8.3,Dates,2.43
Jericho,46.3,17.8,46.1,7.1,Dates,3.92
Jericho,45.5,13.8,66.9,8.0,Dates,3.12
Jericho,43.2,12.1,44.4,8.0,Dates,3.03
Jericho,43.2,29.4,51.2,8.5,Dates,3.87
Jericho,30.6,20.3,79.5,8.0,Dates,2.62
Jericho,41.5,24.2,63.3,7.9,Dates,3.47
Jericho,34.1,26.2,42.8,7.3,Dates,2.24
Jericho,49.8,16.5,68.1,7.6,Dates,3.64
Jericho,42.9,16.0,56.9,7.6,Dates,3.77
Jericho,39.0,20.3,66.0,7.0,Dates,2.57
Jericho,36.7,21.1,71.5,8.5,Dates,2.89
Jericho,33.0,10.5,77.2,8.0,Dates,2.06
Jericho,40.1,15.4,73.0,8.3,Dates,3.91
Jericho,42.4,29.5,54.3,7.4,Dates,3.99
Jericho,49.0,19.9,45.0,7.4,Dates,3.11
Jericho,41.9,27.6,61.8,8.5,Dates,3.04
Jericho,49.8,15.5,67.2,7.5,Dates,3.27
Jericho,48.9,25.2,60.3,8.3,Dates,3.87
Jericho,39.7,15.5,57.2,7.3,Dates,2.07
Jericho,42.5,27.9,53.6,7.3,Dates,3.79
Jericho,49.1,14.4,76.0,7.3,Dates,3.44
Jericho,49.2,18.7,65.5,8.1,Dates,3.35
Jericho,45.1,15.4,67.8,8.0,Dates,3.06
Jericho,36.9,26.2,65.0,7.1,Dates,2.0
Jericho,30.7,25.8,63.9,7.1,Dates,2.64
Jericho,37.2,10.1,50.2,7.8,Dates,2.02
Jericho,46.3,12.1,77.9,7.6,Dates,3.57
Jericho,31.7,17.3,50.9,7.2,Dates,2.33
Jericho,48.2,18.8,79.1,7.0,Dates,3.79
Jericho,32.9,13.5,76.6,8.4,Dates,2.78
Jericho,30.5,16.0,47.8,7.1,Dates,2.6
Jericho,35.8,21.5,76.4,7.8,Dates,2.36
Jericho,38.7,17.7,69.7,7.1,Dates,2.75
Jericho,48.4,24.1,55.1,8.4,Dates,3.93
Jericho,35.5,12.8,55.9,7.2,Dates,2.38
Jericho,49.6,26.9,47.0,7.4,Dates,3.44
Jericho,31.6,22.3,59.2,7.5,Dates,2.62
Jericho,30.3,14.1,58.3,8.5,Dates,2.3
Jericho,31.8,19.3,63.6,7.1,Dates,3.0
Jericho,41.1,26.4,55.9,7.9,Dates,3.06
Jericho,44.4,21.7,51.7,7.1,Dates,3.99
Jericho,33.2,15.8,54.3,7.2,Dates,2.83
Jericho,32.6,24.4,49.7,7.6,Dates,2.57
Jericho,44.8,27.8,47.5,7.6,Dates,3.43
Jericho,47.7,17.7,46.6,7.7,Dates,3.44
Jericho,49.0,26.5,47.4,8.5,Dates,3.46
Jericho,38.4,12.8,67.1,7.8,Dates,2.23
Jericho,43.9,21.6,40.9,7.6,Dates,3.37
Jericho,46.5,26.1,66.3,8.3,Dates,3.77
Jericho,40.8,10.1,46.2,7.4,Dates,3.98
Jericho,46.6,24.3,75.4,7.3,Dates,3.11
Jericho,48.0,29.5,44.3,8.0,Dates,3.06
Jericho,31.6,27.9,57.0,8.3,Dates,2.14
Jericho,47.6,27.6,68.7,8.0,Dates,3.67
Jericho,41.1,23.0,53.7,8.4,Dates,3.95
Jericho,47.3,22.3,55.7,8.2,Dates,3.86
Jericho,44.9,12.4,41.8,8.1,Dates,3.47
Jericho,48.3,27.0,74.0,8.3,Dates,3.09
Jericho,45.1,10.5,60.3,7.2,Dates,3.4
Jericho,48.8,26.9,76.9,8.1,Dates,3.73
Jericho,37.7,25.7,61.3,7.8,Dates,2.46
Jericho,39.4,26.1,63.2,7.6,Dates,2.7
Jericho,31.9,11.7,44.7,7.2,Dates,2.2
Jericho,38.4,22.1,40.9,8.0,Dates,2.29
Jericho,32.5,23.8,46.2,7.4,Dates,2.66
Jericho,42.6,13.3,65.9,7.7,Dates,3.63
Jericho,45.5,25.9,47.6,7.5,Dates,3.74
Jericho,37.8,13.0,46.0,7.8,Dates,2.38
Jericho,47.1,15.3,79.2,7.3,Dates,3.75
Jericho,43.9,27.5,46.1,7.6,Dates,3.86
Jericho,31.8,26.5,61.4,8.0,Dates,2.32
Jericho,36.6,22.0,43.6,7.8,Dates,2.83
Jericho,37.5,14.1,72.7,8.5,Dates,2.9
Jericho,31.2,18.5,52.2,7.3,Dates,2.12
Jericho,38.2,13.9,74.0,7.2,Dates,2.31
Jericho,34.3,29.0,65.3,7.7,Dates,2.53
Jericho,31.2,24.4,70.6,7.0,Dates,2.06
Jericho,30.5,14.6,43.5,7.8,Dates,2.4
Jericho,43.3,23.3,78.7,7.2,Dates,3.67
Jericho,49.7,16.0,74.0,7.2,Dates,3.98
Jericho,33.4,18.5,55.9,7.8,Dates,2.0
Jericho,39.7,22.4,61.1,8.3,Dates,2.79
Jericho,35.7,17.4,50.1,7.5,Dates,2.36
Jericho,43.7,16.5,58.1,8.1,Dates,3.66
Jericho,32.1,20.5,45.7,8.2,Dates,2.87
Jericho,47.4,20.7,55.1,8.0,Dates,3.7
Jericho,39.3,12.6,77.9,7.2,Dates,2.6
Jericho,48.1,27.9,63.1,7.9,Dates,3.65
Jericho,41.7,22.9,42.8,8.4,Dates,3.83
Jericho,49.5,27.8,54.8,7.7,Dates,3.41
Jericho,48.3,27.9,74.0,8.1,Dates,4.0
Jericho,32.2,22.2,73.0,8.2,Dates,2.13
Jericho,44.1,22.5,62.0,7.6,Dates,3.71
Jericho,31.3,27.7,71.4,8.4,Dates,2.07
Jericho,49.2,26.3,70.8,7.8,Dates,3.79
Jericho,32.4,20.8,56.7,7.6,Dates,2.13
Jericho,35.4,18.2,70.6,7.9,Dates,2.98
Jericho,36.4,26.8,52.0,8.3,Dates,2.55
Jericho,35.8,26.4,62.0,7.5,Dates,2.81
Jericho,48.1,16.6,41.0,7.8,Dates,3.7
Jericho,42.0,28.1,75.7,7.7,Dates,3.68
Jericho,41.3,29.8,58.0,7.7,Dates,3.72
Jericho,47.4,23.9,69.3,8.5,Dates,3.86
Jericho,46.6,19.8,50.1,7.4,Dates,3.64
Jericho,39.7,29.8,52.3,7.4,Dates,2.25
Jericho,45.0,19.7,61.5,8.1,Dates,3.27
Jericho,40.6,14.9,79.5,8.3,Dates,3.44
Jericho,49.4,10.8,48.5,7.9,Dates,3.93
Jericho,34.9,18.1,70.2,7.8,Dates,2.84
Tulkarm,108.1,49.1,62.6,6.2,Tomato,3.04
Tulkarm,98.9,43.1,52.8,6.4,Tomato,2.95
Tulkarm,89.9,56.1,63.8,6.4,Tomato,2.86
Tulkarm,101.0,49.9,58.0,6.8,Tomato,3.1
Tulkarm,91.0,52.2,73.5,6.5,Tomato,2.26
Tulkarm,94.5,48.2,58.8,6.7,Tomato,2.74
Tulkarm,106.7,54.9,63.8,6.4,Tomato,3.33
Tulkarm,101.6,52.4,61.3,6.3,Tomato,3.44
Tulkarm,95.1,51.9,63.1,6.3,Tomato,2.04
Tulkarm,110.4,49.4,74.4,6.2,Tomato,3.08
Tulkarm,80.6,52.0,79.6,6.5,Tomato,2.46
Tulkarm,106.1,41.8,57.4,6.3,Tomato,3.51
Tulkarm,107.5,42.4,60.4,6.5,Tomato,3.95
Tulkarm,108.0,42.4,51.1,6.2,Tomato,3.83
Tulkarm,107.8,47.6,64.7,6.8,Tomato,3.07
Tulkarm,85.2,45.3,73.5,6.7,Tomato,2.99
Tulkarm,109.1,56.2,75.6,6.5,Tomato,3.4
Tulkarm,87.3,57.1,61.0,6.6,Tomato,2.59
Tulkarm,116.6,54.6,51.0,6.6,Tomato,3.82
Tulkarm,105.8,51.9,77.2,6.1,Tomato,3.3
Tulkarm,90.6,58.1,56.9,6.0,Tomato,2.0
Tulkarm,100.3,43.4,51.6,6.2,Tomato,3.37
Tulkarm,99.7,43.7,52.1,6.4,Tomato,2.13
Tulkarm,87.7,60.0,53.4,6.6,Tomato,2.49
Tulkarm,96.5,53.2,72.7,6.6,Tomato,2.47
Tulkarm,89.3,47.2,52.0,6.2,Tomato,2.74
Tulkarm,94.3,46.9,72.5,6.4,Tomato,2.09
Tulkarm,103.3,53.4,72.3,6.4,Tomato,3.3
Tulkarm,89.4,42.8,73.6,6.4,Tomato,2.4
Tulkarm,105.4,50.5,55.7,6.6,Tomato,3.13
Tulkarm,119.1,55.2,59.9,6.1,Tomato,3.08
Tulkarm,92.1,58.2,50.2,6.3,Tomato,2.1
Tulkarm,81.3,43.9,62.4,6.4,Tomato,2.73
Tulkarm,87.6,54.0,66.9,6.6,Tomato,2.18
Tulkarm,116.3,42.8,50.7,6.5,Tomato,3.76
Tulkarm,109.6,41.0,71.6,6.4,Tomato,3.87
Tulkarm,110.9,51.1,67.0,6.4,Tomato,3.05
Tulkarm,115.5,43.2,66.0,6.5,Tomato,3.95
Tulkarm,113.2,56.0,53.4,6.6,Tomato,3.34
Tulkarm,104.3,58.9,74.7,6.0,Tomato,3.75
Tulkarm,104.2,45.0,64.5,6.7,Tomato,3.38
Tulkarm,83.8,56.3,50.7,6.2,Tomato,2.1
Tulkarm,117.0,55.5,79.9,6.2,Tomato,3.48
Tulkarm,104.9,47.1,63.3,6.6,Tomato,3.63
Tulkarm,102.5,51.0,53.1,6.8,Tomato,3.47
Tulkarm,98.2,53.3,57.6,6.8,Tomato,2.2
Tulkarm,119.0,51.8,74.1,6.6,Tomato,3.2
Tulkarm,81.7,58.3,66.3,6.5,Tomato,2.89
Tulkarm,108.5,47.7,57.5,6.3,Tomato,3.48
Tulkarm,113.4,53.2,50.6,6.6,Tomato,3.65
Tulkarm,118.3,47.8,64.1,6.5,Tomato,3.71
Tulkarm,118.2,57.2,50.1,6.8,Tomato,3.57
Tulkarm,92.1,53.5,72.3,6.3,Tomato,2.3
Tulkarm,102.7,44.0,66.5,6.4,Tomato,3.99
Tulkarm,110.2,46.7,60.5,6.1,Tomato,3.77
Tulkarm,113.7,44.7,57.8,6.6,Tomato,3.47
Tulkarm,106.0,43.7,65.9,6.6,Tomato,3.64
Tulkarm,81.5,49.2,66.1,6.6,Tomato,2.53
Tulkarm,102.4,56.5,57.0,6.3,Tomato,3.63
Tulkarm,115.4,49.3,69.5,6.5,Tomato,3.73
Tulkarm,107.4,53.7,60.3,6.5,Tomato,3.31
Tulkarm,91.2,57.3,73.1,6.6,Tomato,2.51
Tulkarm,104.7,48.1,55.3,6.6,Tomato,3.42
Tulkarm,99.4,55.7,77.0,6.4,Tomato,2.6
Tulkarm,85.3,47.3,57.6,6.1,Tomato,2.29
Tulkarm,94.7,47.1,53.1,6.4,Tomato,2.52
Tulkarm,108.9,59.9,58.3,6.5,Tomato,3.29
Tulkarm,96.4,50.1,62.5,6.5,Tomato,2.27
Tulkarm,114.0,40.2,50.8,6.1,Tomato,3.12
Tulkarm,97.3,54.2,69.8,6.3,Tomato,2.19
Tulkarm,102.7,47.1,67.9,6.6,Tomato,3.25
Tulkarm,96.9,59.4,61.1,6.3,Tomato,2.74
Tulkarm,80.0,56.7,67.0,6.2,Tomato,2.66
Tulkarm,118.9,44.3,65.5,6.3,Tomato,3.49
Tulkarm,100.8,52.0,67.7,6.7,Tomato,3.27
Tulkarm,110.4,54.1,53.4,6.7,Tomato,3.48
Tulkarm,96.5,46.9,73.7,6.6,Tomato,2.32
Tulkarm,119.9,49.5,77.7,6.1,Tomato,3.63
Tulkarm,91.1,57.7,55.1,6.8,Tomato,2.06
Tulkarm,81.1,53.4,53.9,6.1,Tomato,2.77
Tulkarm,89.5,58.6,58.9,6.0,Tomato,2.63
Tulkarm,85.1,59.1,53.6,6.4,Tomato,2.92
Tulkarm,116.4,49.4,68.4,6.4,Tomato,3.7
Tulkarm,99.9,52.2,66.1,6.6,Tomato,2.02
Tulkarm,112.6,46.1,66.9,6.6,Tomato,3.11
Tulkarm,86.0,48.0,58.9,6.1,Tomato,2.12
Tulkarm,87.1,49.8,67.3,6.2,Tomato,2.22
Tulkarm,117.6,56.4,79.7,6.0,Tomato,3.48
Tulkarm,112.1,45.0,77.3,6.6,Tomato,3.36
Tulkarm,115.0,43.0,73.6,6.0,Tomato,3.34
Tulkarm,106.5,58.7,62.3,6.3,Tomato,3.26
Tulkarm,81.2,48.3,79.4,6.0,Tomato,2.02
Tulkarm,101.6,44.4,62.5,6.7,Tomato,3.89
Tulkarm,97.8,48.2,68.0,6.7,Tomato,2.07
Tulkarm,108.4,42.7,79.1,6.8,Tomato,3.09
Tulkarm,96.7,43.4,59.1,6.2,Tomato,2.64
Tulkarm,96.3,47.5,59.7,6.6,Tomato,2.1
Tulkarm,87.1,44.2,61.0,6.4,Tomato,2.09
Tulkarm,83.6,40.4,53.7,6.4,Tomato,2.09
Tulkarm,109.4,44.6,67.4,6.1,Tomato,3.25
Tulkarm,103.1,46.0,56.9,6.2,Tomato,3.32
Tulkarm,100.1,46.3,73.6,6.0,Tomato,3.2
Tulkarm,115.5,58.0,57.1,6.4,Tomato,3.0
Tulkarm,119.6,45.9,55.6,6.5,Tomato,3.85
Tulkarm,82.9,44.9,58.7,6.4,Tomato,2.73
Tulkarm,101.8,57.2,51.3,6.7,Tomato,3.37
Tulkarm,112.5,45.6,72.0,6.6,Tomato,3.46
Tulkarm,92.6,58.3,76.2,6.4,Tomato,2.1
Tulkarm,94.3,55.8,59.2,6.7,Tomato,2.54
Tulkarm,118.9,44.7,75.5,6.4,Tomato,3.7
Tulkarm,93.4,54.6,63.6,6.0,Tomato,2.33
Tulkarm,83.5,58.4,56.3,6.4,Tomato,2.43
Tulkarm,97.0,44.6,65.0,6.4,Tomato,2.75
Tulkarm,81.9,55.1,64.1,6.3,Tomato,2.1
Tulkarm,112.7,55.1,74.9,6.2,Tomato,3.26
Tulkarm,118.8,40.1,51.4,6.4,Tomato,3.68
Tulkarm,112.5,54.0,73.8,6.8,Tomato,3.27
Tulkarm,108.4,53.0,79.4,6.2,Tomato,3.03
Tulkarm,96.2,56.1,50.1,6.3,Tomato,2.79
Tulkarm,117.0,54.0,51.3,6.6,Tomato,3.06
Tulkarm,115.1,46.0,77.6,6.4,Tomato,3.76
Tulkarm,102.7,58.3,50.9,6.3,Tomato,3.76
Tulkarm,103.3,57.7,72.9,6.3,Tomato,3.22
Tulkarm,105.3,56.4,68.8,6.2,Tomato,3.73
Tulkarm,84.6,59.2,67.0,6.1,Tomato,2.93
Tulkarm,115.9,50.6,62.8,6.1,Tomato,3.73
Tulkarm,116.1,52.7,71.0,6.2,Tomato,3.67
Tulkarm,111.3,44.0,56.0,6.6,Tomato,3.72
Tulkarm,85.5,51.9,62.3,6.4,Tomato,2.87
Tulkarm,83.2,59.4,78.8,6.6,Tomato,2.9
Tulkarm,85.5,48.8,59.1,6.1,Tomato,2.43
Tulkarm,91.7,45.0,76.1,6.8,Tomato,2.69
Tulkarm,84.7,58.0,73.4,6.3,Tomato,2.05
Tulkarm,117.7,51.4,70.5,6.3,Tomato,3.66
Tulkarm,89.0,58.8,50.8,6.8,Tomato,2.56
Tulkarm,106.7,53.0,50.1,6.1,Tomato,3.66
Tulkarm,92.9,44.1,59.5,6.3,Tomato,2.25
Tulkarm,113.5,51.8,78.9,6.7,Tomato,3.64
Tulkarm,93.8,57.2,72.9,6.1,Tomato,2.9
Tulkarm,87.5,56.8,76.9,6.2,Tomato,2.0
Tulkarm,90.9,40.5,70.6,6.3,Tomato,2.6
Tulkarm,93.7,60.0,58.4,6.3,Tomato,2.8
Tulkarm,87.6,52.7,78.0,6.4,Tomato,2.31
Tulkarm,95.2,48.9,70.9,6.0,Tomato,2.74
Tulkarm,81.6,55.9,74.2,6.5,Tomato,2.71
Tulkarm,107.5,52.5,67.3,6.7,Tomato,3.72
Tulkarm,116.6,59.5,60.8,6.4,Tomato,3.32
Tulkarm,80.9,49.0,58.0,6.6,Tomato,2.92
Tulkarm,85.0,50.6,75.4,6.7,Tomato,2.11
Tulkarm,111.0,44.8,55.8,6.7,Tomato,3.27
Jenin,77.6,51.7,61.3,6.7,Cucumber,2.71
Jenin,74.8,43.5,60.4,6.4,Cucumber,2.55
Jenin,99.8,45.0,52.5,6.4,Cucumber,3.58
Jenin,99.7,46.1,63.2,6.2,Cucumber,3.04
Jenin,78.4,43.5,64.9,6.0,Cucumber,2.95
Jenin,86.9,55.9,61.8,6.2,Cucumber,3.63
Jenin,70.3,44.1,57.3,6.7,Cucumber,2.13
Jenin,97.3,43.1,55.6,6.1,Cucumber,3.22
Jenin,91.5,59.2,67.6,6.8,Cucumber,3.85
Jenin,81.6,57.0,58.2,6.5,Cucumber,2.18
Jenin,74.1,56.8,67.2,6.4,Cucumber,2.99
Jenin,86.9,47.1,63.7,6.9,Cucumber,3.66
Jenin,87.1,49.4,57.3,6.4,Cucumber,3.51
Jenin,88.0,51.3,51.7,6.1,Cucumber,3.94
Jenin,86.6,42.5,56.6,6.5,Cucumber,3.42
Jenin,90.6,41.2,60.7,6.4,Cucumber,3.55
Jenin,94.7,57.3,51.4,6.1,Cucumber,3.26
Jenin,85.4,53.1,56.1,6.5,Cucumber,3.69
Jenin,97.3,55.1,58.9,6.6,Cucumber,3.01
Jenin,73.8,46.4,56.9,6.9,Cucumber,2.24
Jenin,96.6,54.6,55.3,6.1,Cucumber,3.42
Jenin,88.4,56.5,51.0,6.8,Cucumber,3.76
Jenin,83.4,43.8,65.2,6.7,Cucumber,2.16
Jenin,76.6,44.3,68.3,6.0,Cucumber,2.13
Jenin,89.9,48.2,67.4,6.6,Cucumber,3.71
Jenin,78.7,52.9,53.2,6.1,Cucumber,2.88
Jenin,73.6,42.3,56.5,6.8,Cucumber,2.19
Jenin,73.2,46.8,65.6,6.4,Cucumber,2.71
Jenin,84.3,45.5,51.8,6.7,Cucumber,2.9
Jenin,83.9,44.6,58.6,6.8,Cucumber,2.4
Jenin,94.6,53.8,53.1,6.5,Cucumber,3.53
Jenin,73.6,51.3,58.5,6.7,Cucumber,2.08
Jenin,94.2,43.0,60.3,6.7,Cucumber,3.13
Jenin,89.7,40.7,51.8,6.5,Cucumber,3.01
Jenin,95.9,55.2,66.5,6.2,Cucumber,3.15
Jenin,97.7,46.1,53.6,6.6,Cucumber,3.31
Jenin,92.2,42.2,59.8,6.2,Cucumber,3.38
Jenin,73.4,45.1,55.2,6.5,Cucumber,2.5
Jenin,80.9,55.2,57.5,6.4,Cucumber,2.48
Jenin,93.4,50.4,65.6,6.6,Cucumber,3.32
Jenin,98.7,56.4,63.9,6.6,Cucumber,3.39
Jenin,96.1,58.3,54.9,6.1,Cucumber,3.13
Jenin,83.8,56.9,63.2,6.4,Cucumber,2.25
Jenin,76.3,55.4,60.3,6.9,Cucumber,2.64
Jenin,82.0,53.7,50.5,6.3,Cucumber,2.87
Jenin,71.8,48.0,55.2,6.6,Cucumber,2.01
Jenin,80.9,40.7,63.2,6.5,Cucumber,2.74
Jenin,94.1,59.7,56.8,6.9,Cucumber,3.75
Jenin,93.2,51.0,53.6,6.1,Cucumber,3.56
Jenin,70.9,59.2,56.7,6.7,Cucumber,2.53
Jenin,73.6,56.2,64.6,6.7,Cucumber,2.06
Jenin,78.8,50.2,61.3,6.8,Cucumber,2.53
Jenin,84.6,57.0,69.2,6.1,Cucumber,2.08
Jenin,74.0,49.0,64.0,6.0,Cucumber,2.67
Jenin,80.9,57.1,56.9,6.7,Cucumber,2.96
Jenin,81.7,44.6,59.7,6.1,Cucumber,2.57
Jenin,76.8,44.3,50.6,6.6,Cucumber,2.64
Jenin,97.3,55.2,52.8,6.2,Cucumber,3.66
Jenin,90.1,52.8,69.3,6.2,Cucumber,3.93
Jenin,90.2,42.2,62.2,6.8,Cucumber,3.59
Jenin,75.9,51.6,53.1,6.6,Cucumber,2.91
Jenin,77.6,59.7,63.6,6.4,Cucumber,2.58
Jenin,72.4,50.2,69.3,6.2,Cucumber,2.08
Jenin,90.5,41.3,58.2,6.7,Cucumber,3.99
Jenin,98.9,56.0,62.8,6.2,Cucumber,3.46
Jenin,84.1,58.0,59.2,6.1,Cucumber,2.16
Jenin,88.2,40.8,66.6,6.7,Cucumber,3.5
Jenin,87.1,56.7,58.8,6.5,Cucumber,3.93
Jenin,98.1,59.2,55.1,6.2,Cucumber,3.0
Jenin,88.3,59.1,63.9,6.8,Cucumber,3.52
Jenin,74.1,57.0,68.3,6.5,Cucumber,2.96
Jenin,86.0,44.8,58.0,6.5,Cucumber,3.5
Jenin,82.0,43.6,52.3,6.3,Cucumber,2.32
Jenin,93.3,40.3,59.2,6.4,Cucumber,3.76
Jenin,90.0,49.0,63.4,6.4,Cucumber,3.92
Jenin,71.2,43.5,56.5,6.8,Cucumber,2.92
Jenin,91.9,51.4,64.3,6.3,Cucumber,3.53
Jenin,85.9,53.7,65.0,6.0,Cucumber,3.22
Jenin,75.2,59.1,57.8,6.5,Cucumber,2.23
Jenin,92.6,53.4,56.1,6.2,Cucumber,3.31
Jenin,70.1,47.4,63.1,6.2,Cucumber,2.43
Jenin,76.2,49.6,64.8,6.5,Cucumber,2.41
Jenin,89.9,40.4,52.8,6.0,Cucumber,3.41
Jenin,95.6,53.7,68.3,6.5,Cucumber,3.67
Jenin,87.1,44.4,65.6,6.3,Cucumber,3.33
Jenin,73.1,42.4,56.8,6.6,Cucumber,2.23
Jenin,90.3,54.0,58.8,6.7,Cucumber,3.83
Jenin,81.1,58.2,55.6,6.1,Cucumber,2.79
Jenin,82.8,59.1,56.2,7.0,Cucumber,2.42
Jenin,78.1,42.1,56.2,6.6,Cucumber,2.71
Jenin,86.2,57.6,53.6,6.3,Cucumber,3.1
Jenin,92.9,48.0,50.2,6.3,Cucumber,3.36
Jenin,88.0,55.4,69.0,6.3,Cucumber,3.76
Jenin,81.2,40.2,62.1,6.4,Cucumber,2.66
Jenin,85.6,42.3,50.3,6.5,Cucumber,3.0
Jenin,86.8,50.4,61.8,6.1,Cucumber,3.93
Jenin,87.0,54.8,57.2,7.0,Cucumber,3.47
Jenin,93.6,54.2,56.6,6.5,Cucumber,3.64
Jenin,94.1,53.2,62.5,6.9,Cucumber,3.98
Jenin,74.2,44.2,61.1,6.3,Cucumber,2.45
Jenin,94.1,40.6,68.4,6.9,Cucumber,3.74
Jenin,89.9,40.8,68.5,6.0,Cucumber,3.38
Jenin,89.4,52.6,51.0,7.0,Cucumber,3.72
Jenin,79.9,55.5,55.2,6.8,Cucumber,2.3
Jenin,91.8,54.7,66.3,6.1,Cucumber,3.42
Jenin,79.9,49.3,63.2,6.8,Cucumber,2.23
Jenin,77.4,54.8,61.3,6.3,Cucumber,2.61
Jenin,71.5,48.9,57.2,6.8,Cucumber,2.73
Jenin,99.5,40.1,58.9,6.7,Cucumber,3.2
Jenin,97.1,59.2,53.4,6.1,Cucumber,3.44
Jenin,79.8,56.4,68.9,6.7,Cucumber,2.54
Jenin,89.8,46.6,64.1,6.0,Cucumber,3.5
Jenin,83.0,52.9,61.8,6.0,Cucumber,2.78
Jenin,99.5,44.0,58.9,6.5,Cucumber,3.31
Jenin,93.9,46.2,56.1,6.6,Cucumber,3.03
Jenin,85.5,45.8,50.3,6.9,Cucumber,3.92
Jenin,73.9,49.4,51.3,7.0,Cucumber,2.74
Jenin,91.5,42.1,55.8,6.3,Cucumber,3.26
Jenin,98.1,57.7,60.7,6.3,Cucumber,3.68
Jenin,70.1,50.2,52.6,6.2,Cucumber,2.27
Jenin,97.9,58.0,52.1,6.8,Cucumber,3.8
Jenin,88.7,52.0,64.2,6.7,Cucumber,3.03
Jenin,72.2,40.5,53.7,6.0,Cucumber,2.71
Jenin,82.4,43.9,50.3,6.6,Cucumber,2.07
Jenin,76.5,55.6,53.0,6.7,Cucumber,2.64
Jenin,79.5,43.3,65.1,6.1,Cucumber,2.12
Jenin,71.4,56.2,52.3,6.5,Cucumber,3.0
Jenin,78.4,44.0,52.2,7.0,Cucumber,2.91
Jenin,84.8,56.2,58.1,6.2,Cucumber,2.24
Jenin,93.4,41.8,66.8,6.4,Cucumber,3.05
Jenin,92.7,48.1,53.8,6.6,Cucumber,3.01
Jenin,84.9,41.0,63.5,6.6,Cucumber,2.39
Jenin,77.2,57.4,52.6,6.8,Cucumber,2.68
Jenin,70.6,40.9,55.9,6.1,Cucumber,2.52
Jenin,96.7,52.0,57.5,6.5,Cucumber,3.65
Jenin,92.1,57.1,63.1,6.5,Cucumber,3.04
Jenin,85.4,50.2,51.9,6.2,Cucumber,3.95
Jenin,99.4,44.7,68.6,6.3,Cucumber,3.3
Jenin,86.1,58.1,66.7,6.2,Cucumber,3.6
Jenin,72.3,49.3,57.7,6.3,Cucumber,2.57
Jenin,90.9,42.6,56.2,6.3,Cucumber,3.06
Jenin,86.2,45.2,67.3,6.4,Cucumber,3.21
Jenin,88.5,59.8,54.8,6.1,Cucumber,3.88
Jenin,79.6,45.3,67.9,6.1,Cucumber,2.78
Jenin,80.6,43.0,51.6,6.7,Cucumber,2.01
Jenin,84.7,44.2,51.2,6.1,Cucumber,2.34
Jenin,95.7,59.3,63.7,6.6,Cucumber,4.0
Jenin,83.2,54.4,56.7,6.2,Cucumber,2.94
Jenin,99.7,49.5,64.2,6.2,Cucumber,3.1
Jenin,70.3,57.5,63.1,6.0,Cucumber,2.39
